                  epoch,           train/box_om,           train/cls_om,           train/dfl_om,           train/box_oo,           train/cls_oo,           train/dfl_oo,   metrics/precision(B),      metrics/recall(B),       metrics/mAP50(B),    metrics/mAP50-95(B),             val/box_om,             val/cls_om,             val/dfl_om,             val/box_oo,             val/cls_oo,             val/dfl_oo,                 lr/pg0,                 lr/pg1,                 lr/pg2
                      1,                 4.0985,                  5.199,                 4.3205,                 3.7282,                 6.6025,                 4.3233,                0.00048,                0.11309,                 0.0005,                0.00015,                 4.0271,                 7.0495,                 3.6689,                 3.2041,                 5.0233,                 3.3454,                0.07008,              0.0033245,              0.0033245
                      2,                 3.6807,                 4.1653,                 3.8799,                 3.3526,                 4.6085,                 3.6866,                0.00466,                0.03979,                0.00203,                0.00062,                 3.4831,                 56.958,                 5.0086,                 3.0693,                  159.2,                  3.996,               0.040047,              0.0066248,              0.0066248
                      3,                 2.7477,                 2.9117,                 2.7623,                 2.6042,                 3.0496,                 2.3003,                0.21399,                0.03455,                0.03965,                 0.0133,                 3.1435,                 3.4355,                 2.4902,                 2.9002,                 3.7224,                 2.1596,              0.0099809,              0.0098922,              0.0098922
                      4,                 2.3515,                 2.1534,                 2.1065,                  2.348,                 2.4249,                 1.8243,                0.18228,                0.41152,                0.13532,                0.05125,                 2.2088,                 2.6877,                 1.9283,                 2.2735,                 3.9535,                 1.8593,              0.0098515,              0.0098515,              0.0098515
                      5,                 2.1032,                 1.7888,                 1.8668,                 2.1667,                 2.0648,                 1.6637,                0.41279,                0.47405,                0.39406,                0.16328,                 2.0497,                 2.1935,                 1.7877,                 2.1362,                  2.489,                 1.7259,              0.0098515,              0.0098515,              0.0098515
                      6,                 1.9608,                  1.613,                 1.7738,                 2.0926,                 1.8113,                 1.6132,                0.53217,                0.51414,                0.48551,                 0.2273,                 1.8129,                 1.6284,                 1.6336,                 1.9661,                 2.0073,                 1.6293,               0.009802,               0.009802,               0.009802
                      7,                 1.8635,                 1.4683,                 1.6944,                 2.0012,                  1.687,                 1.5507,                0.55162,                0.46891,                 0.5006,                0.21881,                 1.9552,                 1.7518,                 1.6585,                 2.0685,                 1.9967,                  1.624,              0.0097525,              0.0097525,              0.0097525
                      8,                 1.7437,                 1.3218,                 1.6073,                 1.9006,                 1.5173,                 1.4909,                0.52123,                0.53717,                0.50085,                0.24609,                 1.8311,                 1.5498,                 1.5925,                 1.8589,                 1.7714,                 1.5127,               0.009703,               0.009703,               0.009703
                      9,                 1.6917,                 1.2541,                 1.5696,                 1.8465,                 1.4193,                 1.4612,                0.72459,                0.67016,                0.73014,                0.36801,                   1.69,                 1.1652,                 1.4591,                 1.7782,                 1.3183,                 1.4388,              0.0096535,              0.0096535,              0.0096535
                     10,                 1.6244,                 1.2069,                  1.546,                 1.8076,                 1.3675,                 1.4442,                0.68834,                0.68223,                0.64604,                0.35457,                 1.4721,                 1.0519,                 1.3897,                 1.5895,                 1.3977,                 1.3677,               0.009604,               0.009604,               0.009604
                     11,                 1.5794,                 1.1494,                 1.4899,                 1.7826,                 1.2917,                 1.4125,                0.13852,                0.38135,                0.09287,                0.04857,                 1.7199,                 6.3153,                 1.5063,                 1.7702,                 5.5361,                 1.4851,              0.0095545,              0.0095545,              0.0095545
                     12,                 1.5406,                 1.0872,                 1.4668,                 1.7522,                  1.228,                 1.3947,                 0.7958,                 0.7631,                0.81931,                0.46097,                 1.4372,                 0.9585,                 1.3519,                 1.6027,                 1.1156,                 1.3401,               0.009505,               0.009505,               0.009505
                     13,                 1.4921,                 1.0405,                 1.4221,                 1.7012,                 1.1678,                  1.351,                0.69015,                 0.5822,                0.64185,                0.33193,                 1.7242,                 1.2793,                 1.4436,                 1.8204,                 1.4856,                 1.4286,              0.0094555,              0.0094555,              0.0094555
                     14,                 1.4594,                 1.0065,                  1.412,                 1.6734,                   1.15,                 1.3472,                 0.8394,                0.71414,                0.82445,                0.47928,                 1.4367,                0.99791,                 1.3259,                 1.5431,                 1.1051,                 1.3156,               0.009406,               0.009406,               0.009406
                     15,                 1.4428,                0.97481,                 1.3857,                 1.6581,                 1.0854,                 1.3206,                0.83822,                0.79756,                0.85504,                0.50851,                  1.346,                0.81066,                 1.2954,                 1.4716,                0.91497,                 1.2956,              0.0093565,              0.0093565,              0.0093565
                     16,                 1.4219,                0.95731,                 1.3781,                   1.64,                 1.0738,                  1.317,                0.81845,                 0.7801,                0.84063,                0.49607,                 1.3566,                0.84468,                 1.3016,                 1.5102,                0.93705,                 1.2971,               0.009307,               0.009307,               0.009307
                     17,                 1.3877,                0.92774,                 1.3609,                  1.609,                 1.0306,                 1.3055,                0.79688,                0.75707,                0.81875,                0.46359,                 1.4086,                0.87397,                 1.2883,                 1.5741,                 1.0159,                 1.2941,              0.0092575,              0.0092575,              0.0092575
                     18,                 1.3784,                0.90251,                 1.3552,                 1.6134,                 1.0106,                 1.2968,                0.80603,                0.79895,                0.81759,                0.49845,                 1.2797,                0.87885,                 1.2437,                 1.4461,                0.95847,                  1.243,               0.009208,               0.009208,               0.009208
                     19,                 1.3464,                0.87693,                 1.3394,                 1.5714,                0.99366,                 1.2836,                 0.8083,                0.78534,                0.82058,                0.49007,                  1.301,                0.80118,                 1.2613,                 1.4275,                0.93339,                 1.2474,              0.0091585,              0.0091585,              0.0091585
                     20,                 1.3248,                0.85597,                 1.3141,                 1.5525,                0.95737,                  1.262,                0.85387,                0.81376,                0.86726,                0.52507,                 1.2877,                0.74194,                  1.239,                 1.4174,                 0.8435,                 1.2317,               0.009109,               0.009109,               0.009109
                     21,                 1.3317,                0.87126,                  1.331,                 1.5731,                0.97674,                 1.2788,                0.85947,                 0.7644,                0.85514,                0.48862,                 1.3864,                0.77249,                 1.2739,                 1.5202,                 0.8575,                 1.2755,              0.0090595,              0.0090595,              0.0090595
                     22,                 1.3016,                0.83855,                  1.302,                 1.5463,                0.92438,                 1.2548,                0.88665,                 0.8109,                0.88465,                0.54642,                 1.2457,                0.74641,                  1.202,                 1.4031,                0.80614,                 1.2169,                0.00901,                0.00901,                0.00901
                     23,                 1.2962,                0.82516,                 1.2975,                 1.5358,                0.89197,                 1.2455,                0.84614,                0.84817,                0.88375,                0.54816,                  1.233,                0.69809,                 1.2112,                 1.4206,                 0.7606,                 1.2227,              0.0089605,              0.0089605,              0.0089605
                     24,                  1.268,                 0.8058,                 1.2931,                    1.5,                0.87854,                 1.2481,                0.86753,                0.82932,                0.87425,                0.53874,                 1.2253,                0.71155,                 1.1897,                 1.3581,                0.79954,                 1.1864,               0.008911,               0.008911,               0.008911
                     25,                 1.2712,                0.79855,                 1.2793,                  1.498,                0.86623,                 1.2219,                 0.8736,                0.78429,                0.88423,                0.51473,                 1.3142,                0.75325,                 1.1976,                 1.4772,                0.80783,                 1.2049,              0.0088615,              0.0088615,              0.0088615
                     26,                  1.252,                0.78357,                 1.2888,                 1.4979,                0.84311,                 1.2401,                0.88886,                0.85236,                0.91928,                0.55712,                 1.2194,                0.70232,                 1.1996,                 1.3956,                0.74087,                 1.2015,               0.008812,               0.008812,               0.008812
                     27,                 1.2595,                0.78264,                 1.2718,                 1.5133,                0.83218,                 1.2275,                0.85562,                0.84396,                0.86737,                0.53816,                 1.2182,                0.70298,                 1.1814,                 1.3554,                0.76439,                 1.1708,              0.0087625,              0.0087625,              0.0087625
                     28,                 1.2378,                 0.7719,                 1.2463,                 1.4826,                0.82953,                 1.2057,                0.85719,                0.85654,                0.87523,                0.54741,                 1.2009,                0.66782,                 1.1667,                 1.3623,                0.74156,                 1.1742,               0.008713,               0.008713,               0.008713
                     29,                 1.2227,                0.76284,                 1.2398,                 1.4668,                0.82999,                 1.2036,                0.86028,                0.86702,                0.89799,                 0.5627,                 1.1754,                0.63755,                 1.1561,                 1.3468,                0.70324,                 1.1659,              0.0086635,              0.0086635,              0.0086635
                     30,                 1.2067,                0.73695,                 1.2373,                 1.4547,                0.78472,                 1.1984,                0.89517,                0.83141,                0.89332,                0.55986,                 1.1769,                0.69504,                 1.1539,                 1.3286,                0.74878,                 1.1685,               0.008614,               0.008614,               0.008614
                     31,                 1.1975,                0.74174,                 1.2311,                 1.4459,                0.79703,                 1.1976,                0.87584,                0.88901,                0.91603,                0.58054,                 1.1479,                0.64267,                  1.132,                 1.3182,                0.65574,                  1.156,              0.0085645,              0.0085645,              0.0085645
                     32,                 1.1913,                0.73342,                 1.2312,                 1.4422,                 0.7803,                 1.1923,                0.85731,                0.86817,                0.88296,                0.54958,                 1.1787,                0.65813,                  1.162,                 1.3191,                0.72639,                 1.1724,               0.008515,               0.008515,               0.008515
                     33,                 1.1963,                 0.7328,                 1.2358,                 1.4402,                0.77662,                 1.1978,                0.83694,                 0.8653,                0.84199,                0.51332,                 1.1915,                0.65535,                 1.1566,                 1.3724,                0.79262,                 1.1601,              0.0084655,              0.0084655,              0.0084655
                     34,                 1.1886,                0.71057,                 1.2168,                 1.4404,                0.76578,                 1.1839,                0.88152,                0.85969,                0.90677,                0.57181,                 1.1482,                0.64777,                 1.1361,                 1.3274,                0.68101,                 1.1559,               0.008416,               0.008416,               0.008416
                     35,                 1.1754,                0.70584,                 1.2108,                 1.4281,                0.74086,                 1.1811,                0.87322,                0.86544,                0.88922,                0.56544,                 1.1256,                0.61012,                 1.1198,                 1.2787,                0.70172,                 1.1319,              0.0083665,              0.0083665,              0.0083665
                     36,                 1.1597,                0.69911,                 1.1982,                 1.4204,                0.73962,                 1.1737,                 0.8948,                0.85026,                0.90686,                 0.5787,                 1.1477,                0.66058,                 1.1491,                 1.2973,                0.66337,                 1.1533,               0.008317,               0.008317,               0.008317
                     37,                  1.175,                 0.7035,                 1.2059,                 1.4287,                0.74523,                 1.1686,                0.89181,                 0.8733,                0.91769,                0.59236,                 1.1412,                0.59519,                 1.1336,                 1.2936,                0.63443,                 1.1426,              0.0082675,              0.0082675,              0.0082675
                     38,                 1.1444,                0.68607,                 1.1885,                 1.3979,                0.72974,                 1.1556,                0.89376,                0.88586,                0.91375,                0.58008,                 1.1153,                0.58461,                  1.115,                 1.2592,                0.65418,                 1.1288,               0.008218,               0.008218,               0.008218
                     39,                 1.1481,                 0.6836,                 1.2037,                 1.3925,                0.72222,                 1.1707,                0.87093,                0.90157,                0.89648,                0.56511,                 1.1113,                 0.6143,                  1.113,                 1.2861,                0.69924,                 1.1263,              0.0081685,              0.0081685,              0.0081685
                     40,                 1.1332,                0.66591,                 1.1843,                 1.3835,                0.69652,                 1.1543,                0.86914,                0.88168,                0.88876,                 0.5698,                 1.1386,                0.58986,                 1.1105,                 1.2802,                0.67439,                 1.1178,               0.008119,               0.008119,               0.008119
                     41,                 1.1443,                 0.6813,                 1.1941,                  1.393,                0.72033,                 1.1545,                0.88141,                0.88901,                0.90355,                0.57719,                 1.1092,                0.65658,                 1.1178,                 1.2568,                0.72962,                 1.1203,              0.0080695,              0.0080695,              0.0080695
                     42,                 1.1198,                 0.6668,                 1.1861,                 1.3782,                 0.7143,                  1.166,                0.87972,                 0.9037,                0.90034,                0.57803,                 1.0765,                0.57013,                 1.0974,                 1.2444,                0.67203,                 1.1217,                0.00802,                0.00802,                0.00802
                     43,                 1.1136,                0.65942,                 1.1745,                 1.3733,                 0.6879,                  1.149,                0.86607,                0.86671,                0.86948,                0.55297,                 1.1428,                0.62072,                 1.1227,                 1.3102,                0.71409,                 1.1351,              0.0079705,              0.0079705,              0.0079705
                     44,                 1.1263,                0.66283,                 1.1901,                 1.3784,                0.68294,                 1.1558,                 0.8734,                0.87958,                 0.8921,                0.58144,                 1.0954,                0.56904,                 1.0982,                 1.2432,                0.66773,                 1.1136,               0.007921,               0.007921,               0.007921
                     45,                 1.1098,                0.64787,                  1.166,                 1.3522,                0.67728,                 1.1352,                0.85961,                0.87958,                 0.8696,                0.55589,                 1.1454,                0.59941,                 1.1251,                 1.2863,                0.73751,                 1.1232,              0.0078715,              0.0078715,              0.0078715
                     46,                 1.1066,                0.64065,                 1.1688,                  1.359,                0.65649,                 1.1349,                0.90435,                0.87644,                0.91631,                0.60252,                 1.0759,                0.55282,                 1.0901,                 1.2241,                0.60078,                 1.1034,               0.007822,               0.007822,               0.007822
                     47,                 1.0878,                0.63494,                 1.1702,                 1.3336,                0.66642,                 1.1375,                0.83903,                0.92251,                0.87434,                0.56991,                 1.0563,                0.56796,                 1.0718,                 1.2151,                0.80364,                 1.0909,              0.0077725,              0.0077725,              0.0077725
                     48,                 1.0884,                0.61588,                 1.1591,                 1.3443,                0.64117,                 1.1313,                0.90166,                0.91309,                0.91569,                0.59793,                 1.0822,                0.54747,                 1.0934,                 1.2236,                 0.5959,                 1.0916,               0.007723,               0.007723,               0.007723
                     49,                 1.0965,                0.62743,                  1.171,                 1.3374,                0.63864,                 1.1373,                0.87788,                0.90576,                0.88951,                0.56847,                 1.1008,                0.57155,                  1.105,                 1.2604,                0.71906,                 1.1068,              0.0076735,              0.0076735,              0.0076735
                     50,                 1.1041,                 0.6298,                 1.1519,                 1.3455,                0.65646,                 1.1211,                0.91886,                0.90576,                0.93359,                0.61909,                 1.0714,                0.54938,                 1.0816,                 1.2065,                0.55262,                  1.085,               0.007624,               0.007624,               0.007624
                     51,                 1.0702,                0.61644,                 1.1495,                 1.3227,                 0.6255,                 1.1215,                0.93738,                0.90366,                0.95363,                0.63767,                 1.0546,                0.52364,                 1.0856,                  1.206,                0.51262,                 1.0973,              0.0075745,              0.0075745,              0.0075745
                     52,                 1.0778,                0.61962,                 1.1542,                 1.3211,                0.63334,                 1.1312,                0.93588,                0.87112,                0.94324,                0.61728,                 1.0881,                0.55731,                 1.0992,                 1.2445,                0.52955,                 1.0998,               0.007525,               0.007525,               0.007525
                     53,                 1.0718,                0.60525,                 1.1393,                 1.3243,                0.60541,                 1.1132,                0.90858,                0.89319,                0.91394,                0.61159,                   1.04,                0.53257,                 1.0732,                 1.1885,                0.60676,                 1.0752,              0.0074755,              0.0074755,              0.0074755
                     54,                 1.0571,                0.60487,                 1.1332,                 1.3161,                0.60818,                  1.106,                0.91888,                0.91728,                0.94771,                0.63261,                 1.0713,                0.53227,                 1.0764,                 1.2191,                0.49164,                 1.0808,               0.007426,               0.007426,               0.007426
                     55,                 1.0654,                0.60713,                 1.1559,                 1.3197,                0.60834,                 1.1261,                0.94307,                0.90205,                0.94795,                0.62933,                 1.0717,                0.51173,                 1.0852,                 1.2148,                0.49951,                 1.0885,              0.0073765,              0.0073765,              0.0073765
                     56,                 1.0607,                 0.5908,                 1.1439,                 1.3148,                0.59833,                 1.1126,                0.90702,                0.90681,                0.93776,                0.61825,                  1.078,                0.52785,                 1.0988,                  1.222,                0.53601,                 1.0931,               0.007327,               0.007327,               0.007327
                     57,                 1.0462,                0.59002,                 1.1364,                 1.3068,                 0.6146,                 1.1095,                0.92494,                0.92147,                 0.9421,                0.62279,                 1.0639,                0.52016,                 1.0749,                 1.2069,                0.54683,                 1.0671,              0.0072775,              0.0072775,              0.0072775
                     58,                 1.0534,                0.58206,                 1.1318,                 1.3008,                0.59511,                 1.1043,                0.93251,                0.92565,                0.95257,                0.64151,                 1.0272,                 0.4958,                 1.0523,                 1.1776,                0.48911,                 1.0551,               0.007228,               0.007228,               0.007228
                     59,                 1.0504,                0.59078,                 1.1231,                 1.3047,                0.60993,                 1.0964,                0.93474,                0.91518,                0.94959,                0.63573,                 1.0558,                0.52016,                 1.0759,                 1.2035,                0.50198,                 1.0752,              0.0071785,              0.0071785,              0.0071785
                     60,                 1.0429,                0.58917,                 1.1294,                 1.2949,                0.61485,                 1.1066,                0.89627,                0.90681,                0.92395,                0.62252,                 1.0558,                0.51374,                  1.066,                 1.1789,                0.54688,                 1.0595,               0.007129,               0.007129,               0.007129
                     61,                 1.0236,                0.57308,                 1.1236,                 1.2862,                0.59729,                 1.0959,                0.94176,                0.90681,                0.95056,                0.64092,                 1.0176,                0.49349,                 1.0645,                 1.1701,                0.49066,                 1.0669,              0.0070795,              0.0070795,              0.0070795
                     62,                 1.0327,                0.59183,                 1.1274,                  1.289,                0.60828,                 1.1025,                0.93546,                0.90262,                0.94331,                0.63168,                 1.0287,                 0.4935,                 1.0649,                 1.1751,                0.51925,                 1.0643,                0.00703,                0.00703,                0.00703
                     63,                 1.0405,                0.58598,                 1.1246,                 1.2919,                0.61212,                  1.097,                0.93721,                0.92211,                0.95614,                0.63764,                 1.0509,                0.50637,                 1.0719,                 1.2022,                0.49903,                 1.0765,              0.0069805,              0.0069805,              0.0069805
                     64,                 1.0205,                0.57089,                 1.1204,                 1.2773,                0.60333,                 1.1007,                0.90191,                0.93927,                0.93779,                0.62653,                 1.0235,                0.49766,                 1.0515,                 1.1811,                 0.5312,                 1.0618,               0.006931,               0.006931,               0.006931
                     65,                 1.0185,                0.56456,                 1.1198,                 1.2728,                0.59144,                 1.0989,                 0.9266,                0.92537,                0.95656,                0.65146,                 1.0297,                0.49287,                  1.057,                 1.1646,                0.49432,                 1.0548,              0.0068815,              0.0068815,              0.0068815
                     66,                 1.0255,                0.56667,                 1.1115,                 1.2751,                0.57597,                 1.0856,                0.92878,                0.91518,                0.94428,                0.63591,                 1.0298,                0.48756,                 1.0579,                 1.1721,                0.47902,                 1.0523,               0.006832,               0.006832,               0.006832
                     67,                 1.0235,                 0.5685,                 1.1205,                 1.2875,                0.57555,                 1.1002,                0.95873,                0.92443,                0.96563,                0.65274,                 1.0164,                 0.4849,                 1.0452,                 1.1745,                0.43707,                 1.0514,              0.0067825,              0.0067825,              0.0067825
                     68,                 1.0148,                0.56106,                 1.1012,                 1.2751,                0.57105,                 1.0845,                0.94209,                0.91986,                 0.9572,                0.63726,                 1.0336,                0.49367,                 1.0537,                 1.1834,                 0.4653,                 1.0483,               0.006733,               0.006733,               0.006733
                     69,                 1.0298,                0.56598,                 1.1302,                 1.2817,                0.58732,                 1.1001,                0.92605,                0.93089,                0.94601,                 0.6419,                 1.0161,                0.48062,                 1.0555,                 1.1714,                0.47836,                  1.056,              0.0066835,              0.0066835,              0.0066835
                     70,                 1.0237,                0.56019,                 1.1051,                 1.2841,                0.57884,                  1.074,                0.94361,                0.91116,                0.95246,                0.65196,                 1.0301,                0.49609,                 1.0522,                 1.1868,                0.46539,                 1.0604,               0.006634,               0.006634,               0.006634
                     71,                0.98039,                0.54105,                 1.0926,                 1.2372,                0.55922,                 1.0708,                0.92472,                 0.9261,                0.94459,                0.63824,                 1.0164,                0.47723,                  1.056,                  1.174,                0.47622,                 1.0528,              0.0065845,              0.0065845,              0.0065845
                     72,                0.99633,                0.55057,                 1.1066,                 1.2452,                0.57356,                 1.0826,                0.94278,                0.93171,                 0.9657,                0.64674,                 1.0367,                0.49473,                 1.0617,                 1.1748,                0.48989,                 1.0497,               0.006535,               0.006535,               0.006535
                     73,                0.97884,                 0.5411,                 1.0907,                 1.2256,                0.54663,                 1.0717,                0.94349,                0.92658,                0.95976,                0.65347,                 1.0207,                0.47872,                 1.0521,                 1.1757,                0.44106,                 1.0508,              0.0064855,              0.0064855,              0.0064855
                     74,                0.99118,                 0.5457,                  1.097,                 1.2368,                0.55351,                 1.0699,                0.94088,                0.91661,                 0.9543,                0.65395,                0.99533,                0.46899,                 1.0455,                 1.1423,                0.47525,                 1.0407,               0.006436,               0.006436,               0.006436
                     75,                0.97228,                0.53166,                 1.0924,                 1.2237,                 0.5332,                 1.0655,                0.94546,                0.92575,                0.95127,                0.64894,                 1.0078,                0.46217,                 1.0628,                 1.1503,                0.46736,                 1.0494,              0.0063865,              0.0063865,              0.0063865
                     76,                0.98088,                0.54099,                 1.0897,                 1.2319,                0.55275,                 1.0639,                0.94297,                0.91309,                0.94855,                 0.6466,                 1.0276,                0.47714,                 1.0601,                 1.1681,                0.48416,                  1.053,               0.006337,               0.006337,               0.006337
                     77,                 0.9933,                0.54523,                 1.0864,                 1.2623,                0.54891,                 1.0643,                 0.9425,                0.92147,                 0.9589,                0.65697,                 1.0043,                0.46074,                 1.0526,                 1.1496,                0.44921,                 1.0512,              0.0062875,              0.0062875,              0.0062875
                     78,                0.96175,                0.51999,                 1.0864,                 1.2089,                0.52842,                 1.0628,                0.94463,                0.91832,                0.94448,                0.65094,                0.99358,                0.47093,                  1.031,                 1.1426,                0.45097,                 1.0333,               0.006238,               0.006238,               0.006238
                     79,                  0.971,                0.52678,                 1.0989,                 1.2253,                0.52397,                 1.0777,                0.93931,                0.93613,                0.95838,                0.65567,                 1.0012,                0.46639,                 1.0377,                 1.1543,                0.42823,                 1.0417,              0.0061885,              0.0061885,              0.0061885
                     80,                0.96851,                0.53201,                 1.0859,                 1.2261,                  0.542,                 1.0622,                0.92156,                0.92251,                 0.9642,                0.65768,                0.99578,                0.46169,                 1.0354,                 1.1451,                0.46602,                 1.0379,               0.006139,               0.006139,               0.006139
                     81,                 0.9638,                0.53048,                 1.0897,                 1.2149,                0.52592,                 1.0719,                0.94961,                0.94715,                0.97559,                0.66699,                 1.0021,                0.45971,                 1.0417,                 1.1499,                0.41392,                 1.0387,              0.0060895,              0.0060895,              0.0060895
                     82,                0.98235,                0.53558,                 1.0842,                 1.2413,                0.53315,                 1.0631,                0.95332,                0.91949,                0.95873,                0.65812,                0.99604,                0.46213,                 1.0374,                 1.1295,                0.44969,                 1.0304,                0.00604,                0.00604,                0.00604
                     83,                0.96276,                0.52558,                 1.0859,                 1.2141,                0.53553,                 1.0613,                0.95062,                0.93194,                0.96081,                 0.6526,                  1.011,                0.46499,                 1.0445,                 1.1474,                0.44706,                 1.0418,              0.0059905,              0.0059905,              0.0059905
                     84,                0.96416,                0.51725,                 1.0743,                  1.218,                0.52491,                 1.0527,                0.93833,                0.93089,                0.95534,                0.65759,                0.99171,                 0.4679,                 1.0446,                  1.129,                0.46644,                 1.0356,               0.005941,               0.005941,               0.005941
                     85,                0.93822,                0.51979,                 1.0765,                 1.1858,                 0.5175,                 1.0563,                0.93248,                0.93994,                0.96308,                0.66032,                 1.0032,                0.45225,                 1.0438,                  1.143,                0.43929,                 1.0362,              0.0058915,              0.0058915,              0.0058915
                     86,                0.95566,                0.51413,                 1.0745,                 1.2223,                0.52499,                  1.055,                0.94667,                0.92932,                0.96298,                0.65887,                0.99007,                0.44727,                 1.0445,                 1.1453,                0.42319,                 1.0404,               0.005842,               0.005842,               0.005842
                     87,                0.95199,                0.51679,                 1.0815,                 1.1965,                0.51382,                 1.0572,                0.94363,                0.95812,                0.97476,                0.66802,                0.98553,                0.44819,                  1.031,                   1.13,                0.41147,                 1.0305,              0.0057925,              0.0057925,              0.0057925
                     88,                0.93595,                 0.4934,                 1.0685,                 1.1871,                0.49257,                 1.0464,                 0.9597,                0.93927,                0.97064,                0.67254,                0.97036,                0.44218,                 1.0301,                 1.1147,                0.41209,                 1.0278,               0.005743,               0.005743,               0.005743
                     89,                0.93241,                0.50595,                 1.0677,                 1.1798,                0.51494,                 1.0469,                0.94292,                0.93402,                0.96936,                0.67125,                0.97124,                0.43919,                 1.0317,                 1.1123,                0.42103,                 1.0264,              0.0056935,              0.0056935,              0.0056935
                     90,                0.95321,                0.51096,                 1.0741,                 1.2091,                0.51383,                 1.0503,                0.94433,                0.94764,                 0.9553,                  0.657,                0.98053,                0.44136,                 1.0344,                 1.1234,                0.42842,                 1.0225,               0.005644,               0.005644,               0.005644
                     91,                0.92461,                0.49692,                 1.0645,                 1.1744,                0.49761,                 1.0455,                0.96118,                0.93326,                0.97008,                0.67679,                0.96765,                0.43424,                 1.0287,                 1.1066,                0.40561,                 1.0219,              0.0055945,              0.0055945,              0.0055945
                     92,                0.94312,                0.50805,                 1.0844,                 1.1946,                0.51075,                 1.0617,                0.95597,                0.93403,                0.97262,                0.66856,                0.98011,                0.43667,                 1.0293,                  1.131,                0.40691,                 1.0235,               0.005545,               0.005545,               0.005545
                     93,                 0.9345,                0.49601,                 1.0624,                 1.1887,                0.49632,                 1.0464,                0.94498,                0.93511,                 0.9581,                0.65559,                0.98611,                0.44671,                 1.0318,                 1.1317,                0.44837,                 1.0258,              0.0054955,              0.0054955,              0.0054955
                     94,                0.93274,                0.50315,                 1.0685,                  1.185,                 0.4984,                 1.0475,                0.96288,                0.91728,                0.96575,                0.66747,                 0.9815,                0.43927,                 1.0301,                 1.1352,                0.41547,                 1.0292,               0.005446,               0.005446,               0.005446
                     95,                0.93378,                0.49595,                  1.061,                 1.1927,                  0.512,                 1.0425,                0.93867,                0.94974,                0.97262,                0.67281,                0.97534,                0.43389,                 1.0287,                  1.119,                0.40007,                 1.0217,              0.0053965,              0.0053965,              0.0053965
                     96,                0.93778,                0.50482,                 1.0663,                 1.1902,                0.50477,                 1.0524,                0.94172,                 0.9445,                0.96948,                0.67078,                0.97195,                0.43511,                 1.0228,                 1.1237,                 0.3984,                 1.0211,               0.005347,               0.005347,               0.005347
                     97,                0.94447,                0.49559,                 1.0587,                 1.1944,                0.50785,                 1.0332,                 0.9514,                0.92984,                0.96892,                0.67497,                 0.9664,                0.42965,                 1.0229,                 1.1109,                0.40661,                 1.0158,              0.0052975,              0.0052975,              0.0052975
                     98,                0.92532,                0.49272,                 1.0562,                 1.1746,                0.49213,                 1.0313,                0.96236,                0.93708,                0.97074,                0.67731,                0.95965,                 0.4188,                 1.0183,                  1.103,                0.39591,                 1.0151,               0.005248,               0.005248,               0.005248
                     99,                0.93627,                0.49505,                 1.0515,                 1.1935,                0.50522,                 1.0272,                0.94865,                0.93927,                0.97066,                0.67197,                0.96531,                0.43444,                 1.0177,                 1.1132,                0.40066,                 1.0187,              0.0051985,              0.0051985,              0.0051985
                    100,                0.91353,                0.49048,                 1.0551,                 1.1577,                0.49477,                 1.0375,                0.95855,                0.94439,                0.97586,                0.67861,                0.95815,                 0.4269,                 1.0167,                 1.1036,                0.38772,                 1.0153,               0.005149,               0.005149,               0.005149
                    101,                0.92295,                0.48774,                 1.0621,                 1.1775,                0.49755,                 1.0394,                0.93832,                 0.9558,                 0.9732,                0.67853,                0.95677,                0.42922,                 1.0098,                 1.1054,                 0.3898,                 1.0137,              0.0050995,              0.0050995,              0.0050995
                    102,                0.91702,                0.48951,                 1.0489,                  1.182,                0.48768,                 1.0324,                0.94958,                0.94655,                0.97454,                0.67501,                0.96809,                  0.431,                 1.0216,                 1.1105,                0.39174,                 1.0205,                0.00505,                0.00505,                0.00505
                    103,                0.91928,                0.48859,                 1.0564,                 1.1702,                0.48923,                 1.0361,                0.96352,                0.94136,                0.97355,                0.68063,                0.95601,                0.42618,                 1.0124,                 1.1049,                0.39096,                 1.0122,              0.0050005,              0.0050005,              0.0050005
                    104,                0.91155,                0.48807,                 1.0508,                 1.1548,                0.50059,                 1.0294,                0.95962,                 0.9445,                 0.9772,                0.67529,                0.96055,                 0.4271,                 1.0148,                 1.1144,                0.38933,                 1.0118,               0.004951,               0.004951,               0.004951
                    105,                 0.9161,                0.48546,                 1.0546,                  1.172,                0.48598,                 1.0359,                 0.9674,                0.94869,                0.97759,                0.67615,                0.96725,                0.42741,                 1.0226,                 1.1073,                0.39176,                 1.0202,              0.0049015,              0.0049015,              0.0049015
                    106,                0.90575,                0.47848,                 1.0445,                 1.1577,                0.47066,                 1.0229,                0.96179,                0.94883,                0.97534,                0.67997,                0.95926,                0.41934,                 1.0118,                 1.1089,                 0.3807,                  1.009,               0.004852,               0.004852,               0.004852
                    107,                 0.9188,                0.48401,                 1.0485,                  1.168,                0.47487,                 1.0268,                 0.9566,                0.94627,                0.97172,                0.67395,                0.96057,                0.41995,                  1.023,                  1.103,                0.39014,                 1.0163,              0.0048025,              0.0048025,              0.0048025
                    108,                0.90989,                0.47955,                 1.0503,                 1.1563,                0.47225,                 1.0297,                0.95898,                0.95468,                0.97464,                0.67869,                0.94591,                0.41171,                 1.0187,                 1.0861,                0.37984,                   1.01,               0.004753,               0.004753,               0.004753
                    109,                0.91581,                0.48654,                 1.0494,                  1.167,                0.47608,                 1.0327,                0.96275,                0.94721,                0.97372,                0.68315,                0.94775,                0.41682,                 1.0107,                 1.0904,                0.36715,                 1.0105,              0.0047035,              0.0047035,              0.0047035
                    110,                0.89846,                0.47281,                 1.0493,                 1.1409,                0.46115,                 1.0285,                0.96502,                0.95393,                0.97536,                0.68582,                0.95486,                0.42155,                  1.011,                 1.0947,                0.37601,                 1.0088,               0.004654,               0.004654,               0.004654
                    111,                0.89996,                0.47177,                 1.0389,                 1.1586,                0.46551,                 1.0189,                0.96244,                0.93903,                0.97416,                0.68216,                0.95502,                 0.4198,                 1.0203,                 1.0899,                0.38042,                 1.0129,              0.0046045,              0.0046045,              0.0046045
                    112,                0.88065,                0.45948,                 1.0289,                 1.1289,                0.44968,                 1.0091,                0.95502,                0.94764,                0.97846,                0.68293,                 0.9521,                0.41539,                 1.0195,                 1.0825,                0.37265,                 1.0107,               0.004555,               0.004555,               0.004555
                    113,                0.90026,                0.46822,                 1.0485,                 1.1433,                0.46031,                 1.0271,                0.96964,                0.93625,                0.97376,                0.68276,                0.96126,                0.41511,                  1.022,                 1.0967,                0.37294,                 1.0103,              0.0045055,              0.0045055,              0.0045055
                    114,                0.89042,                0.46107,                 1.0317,                 1.1473,                0.45545,                 1.0138,                0.97418,                0.93403,                0.97369,                0.68227,                0.95114,                0.41525,                 1.0158,                  1.095,                0.37882,                 1.0085,               0.004456,               0.004456,               0.004456
                    115,                0.90152,                0.47026,                 1.0454,                 1.1444,                0.46247,                 1.0245,                0.95707,                 0.9466,                0.97339,                0.68186,                0.94387,                0.41539,                 1.0136,                 1.0821,                0.39052,                 1.0117,              0.0044065,              0.0044065,              0.0044065
                    116,                0.87625,                0.45372,                 1.0394,                 1.1208,                0.44303,                 1.0171,                0.96311,                0.94555,                0.97439,                0.68274,                0.94141,                0.42017,                 1.0122,                   1.08,                0.38752,                 1.0072,               0.004357,               0.004357,               0.004357
                    117,                0.87848,                0.45396,                 1.0327,                 1.1239,                0.44595,                 1.0155,                0.95285,                 0.9522,                0.97455,                0.68388,                0.94465,                0.41332,                 1.0144,                 1.0778,                0.37192,                 1.0046,              0.0043075,              0.0043075,              0.0043075
                    118,                0.87904,                0.45741,                 1.0337,                 1.1251,                0.45663,                 1.0159,                0.94979,                 0.9507,                0.97508,                0.68066,                0.95109,                 0.4208,                  1.018,                 1.0873,                0.39041,                 1.0092,               0.004258,               0.004258,               0.004258
                    119,                0.89371,                 0.4574,                 1.0303,                 1.1434,                0.46054,                 1.0142,                0.96262,                0.95183,                0.97838,                0.68779,                0.94543,                0.41152,                 1.0154,                 1.0848,                 0.3804,                 1.0086,              0.0042085,              0.0042085,              0.0042085
                    120,                0.88671,                0.46471,                 1.0387,                 1.1423,                0.45151,                 1.0144,                0.96785,                0.94576,                0.97734,                0.67999,                0.94824,                0.41414,                  1.012,                 1.0893,                0.38873,                 1.0068,               0.004159,               0.004159,               0.004159
                    121,                0.89191,                 0.4591,                 1.0334,                 1.1412,                0.43944,                 1.0106,                0.96592,                0.94983,                0.97454,                0.68318,                0.93861,                0.41333,                 1.0081,                 1.0897,                0.39527,                  1.003,              0.0041095,              0.0041095,              0.0041095
                    122,                0.86675,                0.45028,                 1.0394,                 1.1087,                0.45032,                 1.0226,                0.95284,                0.95204,                0.97265,                0.68667,                0.93859,                0.40388,                 1.0136,                 1.0788,                0.36761,                 1.0032,                0.00406,                0.00406,                0.00406
                    123,                0.87098,                 0.4455,                 1.0191,                 1.1264,                0.44503,                0.99754,                0.96268,                0.94974,                0.97596,                0.68716,                0.93828,                  0.404,                 1.0093,                 1.0784,                0.36572,                 1.0019,              0.0040105,              0.0040105,              0.0040105
                    124,                0.87199,                0.45555,                 1.0195,                 1.1323,                0.44666,                 1.0022,                0.96071,                0.94869,                0.97282,                 0.6861,                0.93547,                0.40616,                 1.0086,                 1.0716,                0.38486,                 0.9936,               0.003961,               0.003961,               0.003961
                    125,                0.86549,                0.44803,                 1.0237,                 1.1103,                0.44116,                 1.0028,                 0.9651,                0.95559,                 0.9766,                0.68842,                0.94487,                0.40963,                 1.0196,                  1.078,                0.38391,                 1.0035,              0.0039115,              0.0039115,              0.0039115
                    126,                0.86337,                0.44056,                 1.0227,                 1.1076,                 0.4429,                 1.0057,                0.96997,                0.94689,                0.97656,                0.68898,                0.94259,                0.40803,                 1.0193,                 1.0828,                0.37043,                 1.0083,               0.003862,               0.003862,               0.003862
                    127,                0.86604,                0.44675,                 1.0197,                 1.1202,                0.43905,                 0.9989,                0.97936,                0.94388,                0.97966,                0.68787,                0.93712,                0.40414,                 1.0162,                 1.0808,                0.37287,                  1.009,              0.0038125,              0.0038125,              0.0038125
                    128,                0.85803,                0.45502,                 1.0172,                 1.1017,                0.44786,                0.99897,                0.96891,                0.94646,                 0.9725,                0.68541,                  0.929,                0.40795,                 1.0093,                 1.0611,                0.39235,                0.99967,               0.003763,               0.003763,               0.003763
                    129,                0.85005,                0.43543,                 1.0085,                 1.0973,                0.42903,                0.99301,                0.97224,                0.95357,                0.97899,                 0.6925,                0.92907,                 0.4012,                 1.0099,                 1.0642,                0.36647,                0.99906,              0.0037135,              0.0037135,              0.0037135
                    130,                0.84849,                0.44097,                 1.0123,                 1.0943,                0.43139,                0.99405,                0.97412,                0.94591,                0.97924,                0.68881,                0.94307,                0.40785,                 1.0149,                 1.0854,                 0.3633,                 1.0067,               0.003664,               0.003664,               0.003664
                    131,                0.85836,                0.43587,                 1.0096,                 1.1041,                0.41788,                0.99677,                0.95565,                0.94762,                0.97023,                0.68639,                0.93263,                0.40573,                 1.0106,                 1.0716,                0.38803,                 1.0016,              0.0036145,              0.0036145,              0.0036145
                    132,                0.85553,                0.43818,                  1.008,                 1.1056,                 0.4363,                0.99409,                0.95837,                0.94013,                0.97365,                0.68839,                0.93217,                0.39738,                 1.0069,                 1.0653,                0.39191,                 0.9961,               0.003565,               0.003565,               0.003565
                    133,                0.85509,                0.44075,                 1.0117,                 1.1128,                0.43279,                 0.9974,                0.96207,                0.94764,                0.97427,                0.68596,                0.93863,                0.39918,                 1.0107,                 1.0717,                0.38701,                 1.0022,              0.0035155,              0.0035155,              0.0035155
                    134,                0.83439,                0.42539,                 1.0087,                 1.0802,                0.42108,                0.99446,                0.96453,                0.93975,                0.97419,                0.68816,                0.92977,                0.39574,                 1.0036,                 1.0695,                0.38495,                0.99671,               0.003466,               0.003466,               0.003466
                    135,                0.84293,                0.43211,                 1.0122,                 1.0897,                 0.4122,                0.99338,                0.97194,                 0.9429,                0.97621,                0.69035,                0.93391,                0.39973,                 1.0072,                 1.0773,                0.37036,                0.99949,              0.0034165,              0.0034165,              0.0034165
                    136,                0.83582,                0.43434,                 1.0141,                 1.0849,                0.41767,                0.99497,                0.97622,                0.94869,                0.97936,                0.69769,                0.93158,                0.39405,                 1.0095,                  1.063,                0.35475,                0.99628,               0.003367,               0.003367,               0.003367
                    137,                0.83337,                0.42497,                 1.0147,                 1.0862,                0.41072,                0.99563,                0.96675,                0.95288,                0.97867,                0.69381,                  0.937,                0.39696,                 1.0121,                 1.0654,                0.36359,                0.99811,              0.0033175,              0.0033175,              0.0033175
                    138,                0.84376,                 0.4302,                 1.0155,                 1.0909,                0.42315,                0.99819,                0.97229,                0.95916,                0.98117,                0.69541,                 0.9292,                0.39304,                 1.0072,                  1.064,                 0.3526,                0.99548,               0.003268,               0.003268,               0.003268
                    139,                0.84322,                0.43359,                  1.008,                 1.0947,                0.42873,                0.99067,                 0.9651,                0.94346,                0.98063,                0.69631,                0.92666,                0.39354,                 1.0057,                 1.0594,                0.35746,                0.99659,              0.0032185,              0.0032185,              0.0032185
                    140,                0.84103,                0.42994,                 1.0073,                 1.0876,                0.41153,                0.99251,                 0.9731,                0.94716,                0.97987,                 0.6959,                0.91935,                0.38816,                0.99952,                 1.0543,                0.36618,                0.98923,               0.003169,               0.003169,               0.003169
                    141,                0.83334,                0.42382,                 1.0062,                 1.0832,                0.41519,                0.98856,                0.97468,                0.95393,                0.98021,                0.69679,                0.92482,                0.39004,                 1.0091,                 1.0667,                0.35215,                0.99892,              0.0031195,              0.0031195,              0.0031195
                    142,                0.83569,                 0.4236,                  1.012,                 1.0785,                0.41296,                0.99141,                0.96412,                0.95673,                0.97962,                0.69635,                0.92313,                0.38947,                 1.0102,                 1.0595,                0.36152,                0.99548,                0.00307,                0.00307,                0.00307
                    143,                0.84357,                  0.425,                 1.0023,                 1.0904,                0.41134,                0.98428,                 0.9622,                0.95957,                0.97301,                0.69391,                0.91681,                0.38888,                 0.9974,                   1.05,                0.37219,                0.98812,              0.0030205,              0.0030205,              0.0030205
                    144,                 0.8452,                0.42815,                 1.0087,                 1.0888,                 0.4096,                0.98781,                0.96794,                0.95916,                0.97986,                0.69964,                 0.9159,                0.39145,                 1.0018,                 1.0521,                0.36255,                0.98945,               0.002971,               0.002971,               0.002971
                    145,                0.83475,                0.42012,                 1.0077,                 1.0839,                0.40357,                0.98822,                0.97522,                0.94778,                0.97759,                0.69676,                0.91841,                0.39041,                0.99941,                 1.0559,                0.36672,                0.98893,              0.0029215,              0.0029215,              0.0029215
                    146,                0.82711,                0.41384,                 1.0017,                 1.0754,                0.39867,                0.98389,                0.97841,                0.94764,                0.97961,                0.69576,                0.91612,                0.38732,                0.99879,                 1.0552,                 0.3614,                0.99092,               0.002872,               0.002872,               0.002872
                    147,                0.82159,                0.41962,                0.99963,                 1.0673,                0.40827,                0.98401,                0.97156,                0.95079,                 0.9808,                 0.6953,                0.91654,                0.38864,                 1.0026,                 1.0566,                 0.3585,                0.99319,              0.0028225,              0.0028225,              0.0028225
                    148,                0.82207,                0.41652,                 1.0038,                 1.0696,                0.40117,                0.98382,                0.97304,                0.94481,                0.97944,                0.69252,                0.92023,                0.38678,                  1.004,                 1.0604,                0.36615,                 0.9928,               0.002773,               0.002773,               0.002773
                    149,                0.82829,                0.42382,                 1.0011,                 1.0733,                0.40163,                0.98666,                0.97164,                0.94869,                0.97716,                0.69383,                0.92385,                   0.39,                  1.001,                 1.0604,                0.37322,                0.99101,              0.0027235,              0.0027235,              0.0027235
                    150,                0.81853,                0.41116,                0.99249,                 1.0746,                0.39875,                0.97689,                0.97631,                0.94953,                0.98035,                0.69701,                0.92129,                0.39084,                 1.0032,                 1.0558,                0.35912,                0.99336,               0.002674,               0.002674,               0.002674
                    151,                0.81232,                0.41306,                 1.0003,                 1.0607,                0.39607,                0.98214,                  0.966,                 0.9519,                 0.9792,                0.69453,                0.92266,                0.39024,                 1.0072,                 1.0569,                0.36232,                0.99553,              0.0026245,              0.0026245,              0.0026245
                    152,                0.81707,                0.41471,                 0.9907,                 1.0681,                0.41085,                0.97556,                0.96617,                 0.9445,                0.97835,                 0.6912,                  0.923,                0.39232,                 1.0056,                 1.0607,                0.36941,                0.99334,               0.002575,               0.002575,               0.002575
                    153,                0.81343,                0.40403,                 0.9883,                 1.0533,                0.39452,                0.96615,                0.98153,                0.94346,                0.97887,                0.69523,                0.92239,                0.39048,                  1.003,                 1.0573,                0.36662,                0.98881,              0.0025255,              0.0025255,              0.0025255
                    154,                0.79859,                0.40856,                0.99229,                 1.0412,                0.40481,                0.97485,                0.97522,                0.94789,                0.97988,                0.69425,                0.91688,                0.38428,                  1.003,                 1.0553,                0.35417,                0.99064,               0.002476,               0.002476,               0.002476
                    155,                0.80041,                0.40243,                0.99053,                 1.0369,                0.38712,                0.97293,                0.96138,                0.96448,                0.97987,                0.69719,                0.92172,                 0.3861,                 1.0043,                 1.0591,                0.35501,                0.99078,              0.0024265,              0.0024265,              0.0024265
                    156,                0.79502,                0.40218,                0.98656,                  1.046,                 0.3953,                0.96752,                0.95837,                0.96416,                 0.9792,                0.69559,                0.91862,                0.38502,                 1.0058,                 1.0534,                0.36015,                0.99092,               0.002377,               0.002377,               0.002377
                    157,                0.79423,                0.39762,                0.98543,                 1.0443,                 0.3875,                 0.9742,                 0.9831,                0.95707,                0.98155,                0.69736,                0.91328,                0.38148,                 1.0068,                 1.0528,                0.35079,                0.99572,              0.0023275,              0.0023275,              0.0023275
                    158,                0.78718,                0.39954,                0.98681,                 1.0394,                0.38554,                 0.9744,                 0.9769,                0.95288,                0.98096,                0.69374,                0.91603,                 0.3856,                 1.0073,                 1.0539,                0.36161,                0.99426,               0.002278,               0.002278,               0.002278
                    159,                0.79481,                0.39692,                0.98956,                 1.0361,                0.39381,                0.97409,                0.97163,                0.96021,                0.98099,                 0.6966,                0.91025,                0.38256,                 1.0003,                 1.0427,                0.36306,                0.99127,              0.0022285,              0.0022285,              0.0022285
                    160,                0.80376,                0.40244,                0.98185,                 1.0495,                 0.3863,                0.96625,                0.97651,                0.95779,                0.98297,                0.69904,                0.91487,                0.37943,                  1.003,                 1.0459,                0.35658,                0.99171,               0.002179,               0.002179,               0.002179
                    161,                0.79976,                0.40291,                0.98999,                 1.0533,                0.39366,                0.97266,                0.97799,                0.95812,                0.98261,                0.69718,                0.91581,                0.37819,                  1.005,                 1.0476,                0.35478,                0.99414,              0.0021295,              0.0021295,              0.0021295
                    162,                0.79919,                0.40191,                0.98592,                 1.0472,                0.39166,                0.97163,                0.97604,                0.95602,                0.98079,                0.69762,                0.91492,                0.38094,                 1.0041,                 1.0529,                0.35159,                0.99455,                0.00208,                0.00208,                0.00208
                    163,                0.79628,                0.39842,                0.98705,                 1.0432,                0.39559,                0.97209,                0.97105,                0.95497,                0.98114,                0.70054,                0.91243,                0.37787,                 1.0031,                 1.0535,                0.34798,                0.99548,              0.0020305,              0.0020305,              0.0020305
                    164,                0.78496,                0.39452,                0.99077,                 1.0224,                0.39601,                0.97328,                0.97879,                0.95183,                0.98078,                0.70007,                0.91323,                0.38129,                  1.004,                 1.0508,                 0.3503,                0.99272,               0.001981,               0.001981,               0.001981
                    165,                0.79004,                0.39564,                0.97558,                 1.0333,                0.38778,                0.95949,                0.97253,                0.94974,                0.97913,                0.70066,                0.91555,                0.38217,                 1.0074,                 1.0501,                 0.3523,                0.99265,              0.0019315,              0.0019315,              0.0019315
                    166,                0.78629,                0.39579,                0.98021,                 1.0257,                0.39362,                0.96531,                0.97451,                0.96095,                0.98099,                0.70097,                0.91538,                0.37836,                 1.0051,                  1.053,                0.34616,                0.99389,               0.001882,               0.001882,               0.001882
                    167,                0.78377,                0.38543,                0.97257,                 1.0304,                 0.3704,                 0.9571,                0.97495,                 0.9644,                0.98008,                0.70042,                0.91568,                0.37717,                 1.0055,                 1.0518,                0.34071,                0.98994,              0.0018325,              0.0018325,              0.0018325
                    168,                0.77558,                0.39505,                0.97821,                 1.0208,                0.38841,                0.95998,                0.97372,                0.95916,                0.97972,                0.69974,                0.91716,                 0.3785,                 1.0046,                  1.055,                0.34885,                0.99113,               0.001783,               0.001783,               0.001783
                    169,                0.78742,                 0.3938,                 0.9786,                  1.028,                0.37907,                0.95988,                0.96918,                0.96021,                0.97898,                0.69755,                0.92079,                0.37633,                 1.0043,                 1.0608,                 0.3501,                0.99615,              0.0017335,              0.0017335,              0.0017335
                    170,                0.77593,                0.38615,                0.97533,                 1.0247,                0.37868,                0.96298,                0.97329,                0.95407,                0.98058,                0.69796,                0.91854,                0.37625,                  1.001,                 1.0549,                0.35054,                0.99414,               0.001684,               0.001684,               0.001684
                    171,                0.75836,                0.38138,                0.96579,                 1.0006,                0.37603,                0.95338,                0.97128,                0.95605,                0.98046,                0.70023,                0.91533,                0.37537,                 1.0045,                 1.0524,                0.34664,                0.99364,              0.0016345,              0.0016345,              0.0016345
                    172,                0.77379,                0.38686,                0.97731,                 1.0175,                 0.3797,                0.96608,                0.97959,                0.95493,                0.98129,                0.69964,                0.91674,                0.37571,                 1.0086,                 1.0543,                0.34483,                0.99487,               0.001585,               0.001585,               0.001585
                    173,                0.77564,                0.38871,                0.98455,                 1.0189,                0.37746,                0.96619,                0.97754,                0.95497,                0.98166,                 0.7021,                0.91322,                0.37624,                 1.0047,                 1.0508,                0.34665,                0.99259,              0.0015355,              0.0015355,              0.0015355
                    174,                0.76183,                0.38295,                0.96555,                  1.007,                0.37215,                0.95336,                0.97855,                0.95079,                0.98119,                0.69742,                0.91466,                 0.3738,                 1.0055,                 1.0525,                0.34839,                0.99591,               0.001486,               0.001486,               0.001486
                    175,                0.75473,                0.37647,                0.96405,                 1.0067,                0.36688,                0.95251,                0.97829,                0.95812,                0.98128,                0.70115,                 0.9092,                0.37408,                 1.0002,                  1.048,                 0.3441,                0.99404,              0.0014365,              0.0014365,              0.0014365
                    176,                0.76382,                0.37623,                0.96883,                0.99798,                0.36734,                0.95431,                0.98551,                0.95079,                0.98089,                0.70301,                0.90503,                0.37371,                0.99734,                 1.0403,                0.33858,                0.99112,               0.001387,               0.001387,               0.001387
                    177,                0.75809,                0.37676,                0.97281,                 1.0034,                  0.371,                0.95515,                0.97741,                0.95148,                0.98119,                0.70261,                0.90696,                0.37198,                 1.0014,                  1.045,                0.34308,                0.99197,              0.0013375,              0.0013375,              0.0013375
                    178,                0.74903,                0.36919,                0.96767,                0.98581,                0.35812,                0.95173,                0.97572,                0.95183,                0.98028,                0.70218,                  0.907,                0.37314,                 1.0019,                 1.0448,                0.34838,                0.99003,               0.001288,               0.001288,               0.001288
                    179,                0.77216,                0.38062,                0.97364,                   1.02,                0.36705,                0.95802,                0.96817,                0.95535,                0.98057,                0.70204,                0.90707,                0.37412,                 1.0004,                 1.0423,                0.35211,                0.99016,              0.0012385,              0.0012385,              0.0012385
                    180,                0.75691,                 0.3738,                0.96178,                0.99499,                0.36746,                0.95277,                0.97465,                 0.9466,                0.97983,                0.70365,                0.90664,                0.37361,                 1.0009,                 1.0426,                0.35212,                0.98784,               0.001189,               0.001189,               0.001189
                    181,                 0.7568,                 0.3734,                0.96223,                0.99901,                0.36123,                0.94738,                0.97113,                0.95497,                0.98008,                0.70237,                0.90645,                0.37327,                 1.0018,                 1.0434,                0.34735,                0.98882,              0.0011395,              0.0011395,              0.0011395
                    182,                0.75714,                0.37836,                0.96601,                0.99386,                0.36661,                0.95116,                0.97714,                0.95288,                0.97987,                0.70231,                0.90481,                0.37297,                0.99906,                 1.0433,                0.34588,                0.98849,                0.00109,                0.00109,                0.00109
                    183,                 0.7404,                0.36581,                0.96231,                0.97709,                 0.3568,                0.94828,                0.97749,                0.95476,                0.97995,                0.70311,                0.90562,                0.37229,                0.99936,                 1.0419,                0.35278,                0.98723,              0.0010405,              0.0010405,              0.0010405
                    184,                0.73963,                0.36614,                0.95468,                0.98929,                0.36394,                 0.9429,                0.97054,                0.95812,                0.98071,                0.70251,                0.90462,                0.37181,                0.99832,                 1.0427,                0.35311,                0.98725,               0.000991,               0.000991,               0.000991
                    185,                0.74687,                0.36818,                0.95999,                0.99764,                0.36209,                0.94521,                 0.9769,                0.95916,                0.98088,                0.70411,                0.90367,                0.37235,                0.99905,                 1.0414,                0.35134,                0.98653,              0.0009415,              0.0009415,              0.0009415
                    186,                 0.7427,                0.36623,                0.96818,                0.98328,                0.35668,                0.95495,                 0.9704,                0.95497,                0.98012,                0.70247,                0.90349,                0.37313,                 0.9988,                 1.0447,                 0.3502,                0.98553,               0.000892,               0.000892,               0.000892
                    187,                0.75066,                0.36881,                0.96243,                0.98841,                0.36401,                0.94899,                0.96215,                0.95823,                0.98015,                0.70019,                0.90287,                0.37244,                0.99844,                 1.0443,                 0.3482,                0.98529,              0.0008425,              0.0008425,              0.0008425
                    188,                0.74078,                0.36572,                0.96541,                0.97715,                0.35241,                0.94793,                0.96708,                0.95367,                0.97907,                0.70163,                0.90168,                0.37111,                0.99857,                 1.0432,                0.34465,                0.98522,               0.000793,               0.000793,               0.000793
                    189,                0.73165,                0.36265,                0.95859,                0.96753,                0.35699,                0.94781,                0.97203,                0.95602,                0.98028,                0.70101,                0.90064,                0.37068,                0.99721,                 1.0412,                0.34485,                0.98365,              0.0007435,              0.0007435,              0.0007435
                    190,                0.74165,                0.36094,                 0.9619,                0.98164,                0.35281,                0.94676,                0.97409,                0.95288,                0.97885,                0.70261,                0.90095,                0.37143,                0.99673,                 1.0383,                0.35192,                0.98287,               0.000694,               0.000694,               0.000694
                    191,                0.71767,                0.32566,                0.89975,                0.92264,                 0.2828,                0.88848,                0.97639,                0.95272,                0.97976,                0.70195,                 0.9047,                0.37333,                0.99896,                 1.0409,                0.34772,                0.98625,              0.0006445,              0.0006445,              0.0006445
                    192,                0.70863,                0.31959,                0.90141,                0.91824,                0.27201,                0.89136,                0.97857,                0.95647,                0.98056,                0.70209,                0.90589,                0.37324,                0.99949,                 1.0412,                0.34085,                 0.9878,               0.000595,               0.000595,               0.000595
                    193,                 0.7036,                0.31857,                0.89846,                0.91758,                0.27757,                0.88843,                0.97337,                0.95684,                   0.98,                0.70024,                0.90688,                0.37484,                 1.0003,                 1.0437,                0.34336,                0.98861,              0.0005455,              0.0005455,              0.0005455
                    194,                0.69876,                0.31668,                0.89465,                 0.9156,                0.27998,                0.88598,                0.97792,                0.95497,                   0.98,                0.69964,                0.90807,                0.37545,                 1.0011,                 1.0454,                0.34445,                0.98838,               0.000496,               0.000496,               0.000496
                    195,                0.70085,                0.31212,                0.89951,                0.90536,                0.26966,                0.89068,                0.96923,                0.95661,                0.98014,                0.70117,                0.90737,                0.37463,                 1.0009,                 1.0442,                0.34507,                 0.9884,              0.0004465,              0.0004465,              0.0004465
                    196,                0.68972,                0.31148,                0.89537,                0.91078,                 0.2718,                0.89079,                0.96985,                0.95812,                 0.9804,                 0.7024,                0.90808,                 0.3749,                 1.0003,                 1.0448,                0.33835,                0.98852,               0.000397,               0.000397,               0.000397
                    197,                0.69342,                0.31493,                0.88947,                0.90341,                0.27325,                0.87794,                0.98576,                0.94204,                0.98071,                0.70344,                0.90832,                0.37495,                0.99979,                 1.0446,                0.34182,                 0.9878,              0.0003475,              0.0003475,              0.0003475
                    198,                0.68199,                0.31101,                0.89167,                0.89544,                0.26301,                0.88099,                0.98263,                0.94764,                0.98078,                0.70411,                0.90794,                0.37519,                 0.9994,                 1.0445,                0.34087,                0.98825,               0.000298,               0.000298,               0.000298
                    199,                0.69158,                 0.3095,                0.89608,                0.89927,                0.26957,                0.88717,                 0.9682,                0.95658,                0.98079,                0.70466,                0.90783,                0.37602,                 0.9991,                 1.0483,                 0.3366,                0.98908,              0.0002485,              0.0002485,              0.0002485
                    200,                0.68916,                0.30791,                0.89288,                0.90685,                0.26933,                0.88458,                0.97745,                0.94974,                0.98039,                0.70526,                 0.9078,                0.37644,                0.99932,                 1.0484,                0.34235,                0.98957,               0.000199,               0.000199,               0.000199
