                  epoch,         train/box_loss,         train/cls_loss,         train/dfl_loss,   metrics/precision(B),      metrics/recall(B),       metrics/mAP50(B),    metrics/mAP50-95(B),           val/box_loss,           val/cls_loss,           val/dfl_loss,                 lr/pg0,                 lr/pg1,                 lr/pg2
                      1,                 2.0627,                 3.3162,                0.49708,                0.74997,                0.66283,                0.68547,                0.42877,                 1.4682,                 1.5792,                0.39178,               0.082048,              0.0019947,              0.0019947
                      2,                 1.2932,                 1.0426,                0.33941,                 0.9375,                0.86381,                0.93505,                0.63503,                 1.1639,                 0.6721,                0.30134,               0.064028,              0.0039749,              0.0039749
                      3,                 1.0429,                0.65055,                0.28898,                0.94998,                0.93459,                0.97016,                 0.6981,                 1.0277,                0.51153,                0.27192,               0.045989,              0.0059353,              0.0059353
                      4,                0.95633,                0.54261,                 0.2768,                0.95449,                0.94425,                0.97648,                0.71173,                0.99981,                0.47064,                0.26438,               0.027929,               0.007876,               0.007876
                      5,                0.94143,                0.51291,                0.27099,                0.96822,                0.92461,                0.97669,                0.71901,                0.99749,                0.46185,                 0.2657,                0.00985,              0.0097968,              0.0097968
                      6,                0.95562,                0.51588,                0.27248,                0.95528,                0.93936,                0.97394,                0.70204,                 1.0427,                0.49054,                0.27067,              0.0097525,              0.0097525,              0.0097525
                      7,                0.97654,                0.52885,                 0.2755,                0.96935,                0.94136,                0.97686,                0.71102,                 1.0044,                0.49076,                0.26522,              0.0097525,              0.0097525,              0.0097525
                      8,                0.95376,                0.51572,                0.27468,                0.96237,                0.94346,                0.97726,                0.70881,                 1.0297,                 0.4803,                0.26681,               0.009703,               0.009703,               0.009703
                      9,                0.95088,                0.50881,                0.27335,                0.96291,                0.94136,                0.97683,                0.70789,                 1.0285,                 0.4792,                0.26679,              0.0096535,              0.0096535,              0.0096535
                     10,                0.96816,                0.50117,                0.27036,                0.97392,                0.94555,                0.98157,                0.71616,                 1.0162,                0.46443,                 0.2656,               0.009604,               0.009604,               0.009604
                     11,                0.96011,                0.50594,                0.27028,                0.96299,                0.95371,                 0.9805,                0.72182,                0.99381,                0.46766,                0.26063,              0.0095545,              0.0095545,              0.0095545
                     12,                0.96591,                0.50977,                 0.2743,                0.96113,                0.95183,                 0.9811,                0.71054,                0.99878,                0.46587,                0.26635,               0.009505,               0.009505,               0.009505
                     13,                0.93355,                0.49219,                0.27104,                0.96606,                0.94974,                0.98071,                  0.722,                0.98059,                0.46394,                0.26227,              0.0094555,              0.0094555,              0.0094555
                     14,                0.91784,                0.47492,                 0.2686,                0.97304,                0.94477,                0.97834,                0.72547,                0.98572,                0.46979,                0.26324,               0.009406,               0.009406,               0.009406
                     15,                0.93317,                0.48713,                0.27075,                0.96205,                0.94241,                0.97483,                0.72015,                 1.0105,                0.48783,                0.26307,              0.0093565,              0.0093565,              0.0093565
                     16,                 0.9253,                0.48062,                0.26824,                0.97357,                0.95288,                0.98366,                0.72415,                 0.9927,                0.45553,                0.26404,               0.009307,               0.009307,               0.009307
                     17,                0.93755,                0.48924,                0.26759,                0.96275,                0.95079,                0.97834,                0.72382,                0.97721,                0.45934,                0.26105,              0.0092575,              0.0092575,              0.0092575
                     18,                0.93486,                0.48288,                0.26839,                0.97136,                0.95904,                 0.9845,                0.72597,                 0.9894,                0.45071,                0.26239,               0.009208,               0.009208,               0.009208
                     19,                 0.9181,                0.47325,                0.26517,                0.97772,                0.96021,                0.98428,                0.73897,                0.94593,                0.43108,                0.25802,              0.0091585,              0.0091585,              0.0091585
                     20,                0.90918,                 0.4851,                0.26667,                0.97961,                 0.9557,                0.98015,                0.72528,                0.97509,                 0.4332,                0.26177,               0.009109,               0.009109,               0.009109
                     21,                0.92608,                0.47949,                0.26824,                0.97091,                0.96335,                0.98365,                0.73699,                0.96327,                0.44061,                0.26029,              0.0090595,              0.0090595,              0.0090595
                     22,                0.91358,                0.47974,                0.26566,                0.97215,                0.95017,                0.98197,                0.73547,                0.94376,                0.44213,                0.26021,                0.00901,                0.00901,                0.00901
                     23,                0.89983,                0.46576,                0.26503,                0.95967,                0.97068,                0.98578,                0.73186,                0.94926,                0.43679,                0.26059,              0.0089605,              0.0089605,              0.0089605
                     24,                0.91447,                0.46947,                0.26749,                0.94852,                0.96021,                0.98083,                0.72963,                0.97838,                0.44199,                0.26079,               0.008911,               0.008911,               0.008911
                     25,                0.91319,                0.47499,                0.26593,                0.97765,                0.96172,                 0.9831,                0.73118,                0.96517,                0.44367,                0.25912,              0.0088615,              0.0088615,              0.0088615
                     26,                 0.9041,                0.46182,                0.26435,                0.97052,                0.95812,                0.97742,                0.72393,                0.97642,                0.44935,                0.25961,               0.008812,               0.008812,               0.008812
                     27,                 0.8973,                 0.4649,                0.26454,                 0.9669,                0.95393,                0.98206,                0.72925,                0.97057,                0.45928,                0.25972,              0.0087625,              0.0087625,              0.0087625
                     28,                0.89956,                0.46254,                0.26532,                0.97664,                 0.9632,                0.98311,                 0.7416,                0.94792,                0.43078,                0.25666,               0.008713,               0.008713,               0.008713
                     29,                0.89743,                0.45258,                0.26357,                 0.9674,                0.96316,                0.98272,                 0.7417,                 0.9413,                0.42403,                0.25681,              0.0086635,              0.0086635,              0.0086635
                     30,                0.89424,                0.46174,                0.26495,                0.97207,                0.95079,                0.98405,                0.73411,                0.96122,                0.44267,                0.25811,               0.008614,               0.008614,               0.008614
                     31,                0.89414,                0.46396,                0.26257,                0.97065,                 0.9644,                0.98407,                0.73904,                 0.9535,                 0.4316,                0.25808,              0.0085645,              0.0085645,              0.0085645
                     32,                0.88237,                0.45433,                0.26357,                0.97545,                0.95697,                0.98271,                0.74186,                0.93662,                0.42964,                0.25714,               0.008515,               0.008515,               0.008515
                     33,                0.88042,                0.44738,                0.26314,                0.96656,                0.96335,                0.98237,                0.73465,                0.94915,                0.42628,                0.25913,              0.0084655,              0.0084655,              0.0084655
                     34,                0.88396,                0.44848,                0.25961,                0.98176,                0.96754,                0.98641,                0.73774,                0.96203,                0.42392,                0.25542,               0.008416,               0.008416,               0.008416
                     35,                0.88091,                0.44414,                0.26043,                 0.9648,                0.94705,                0.97778,                0.73122,                0.97134,                 0.4433,                0.25833,              0.0083665,              0.0083665,              0.0083665
                     36,                0.88133,                0.44217,                0.26221,                0.96203,                0.95508,                0.98033,                0.73077,                0.96314,                0.43393,                0.25725,               0.008317,               0.008317,               0.008317
                     37,                0.87888,                0.44891,                0.26118,                0.97362,                0.96611,                0.98234,                 0.7411,                0.94535,                0.42725,                0.25633,              0.0082675,              0.0082675,              0.0082675
                     38,                0.87255,                0.44028,                 0.2593,                0.97345,                0.95978,                 0.9824,                0.73687,                0.96196,                0.43181,                0.25909,               0.008218,               0.008218,               0.008218
                     39,                0.87794,                0.44744,                0.26088,                0.97634,                0.94764,                0.98431,                0.73787,                0.94644,                0.42123,                0.25635,              0.0081685,              0.0081685,              0.0081685
                     40,                0.86908,                0.44005,                0.26093,                0.97867,                0.96109,                0.98496,                 0.7382,                0.94478,                0.41078,                0.25844,               0.008119,               0.008119,               0.008119
                     41,                 0.8742,                0.43954,                0.26047,                0.97365,                0.96739,                0.98548,                0.74122,                0.94659,                0.42356,                0.25568,              0.0080695,              0.0080695,              0.0080695
                     42,                0.86744,                0.43956,                0.25625,                0.96568,                0.95916,                0.98317,                0.73655,                0.95245,                0.42846,                0.25418,                0.00802,                0.00802,                0.00802
                     43,                0.85999,                 0.4334,                0.25874,                0.97731,                 0.9623,                0.98651,                0.73527,                0.95726,                 0.4172,                0.25753,              0.0079705,              0.0079705,              0.0079705
                     44,                0.85263,                0.42991,                0.25446,                0.98226,                 0.9644,                0.98552,                0.74821,                0.92376,                0.40701,                0.25259,               0.007921,               0.007921,               0.007921
                     45,                0.86117,                0.43869,                0.25688,                0.97349,                0.95812,                0.98217,                0.74069,                0.92295,                0.41894,                0.25392,              0.0078715,              0.0078715,              0.0078715
                     46,                0.84505,                0.42926,                0.25577,                0.97889,                0.96126,                0.98576,                0.74424,                0.93688,                 0.4215,                0.25374,               0.007822,               0.007822,               0.007822
                     47,                0.84316,                0.42808,                0.25847,                0.97453,                0.96151,                0.98227,                0.73933,                0.94746,                0.41988,                0.25423,              0.0077725,              0.0077725,              0.0077725
                     48,                0.84934,                0.43251,                0.25513,                0.97671,                0.95393,                0.97944,                0.74595,                0.93054,                0.41554,                0.25438,               0.007723,               0.007723,               0.007723
                     49,                0.84018,                0.42538,                0.25555,                0.97139,                0.95978,                0.98367,                0.74057,                0.94766,                0.41261,                0.25621,              0.0076735,              0.0076735,              0.0076735
                     50,                0.83815,                0.41888,                 0.2557,                 0.9662,                0.96859,                0.98353,                0.74531,                0.93113,                0.40439,                0.25445,               0.007624,               0.007624,               0.007624
                     51,                0.85517,                 0.4329,                0.25965,                0.97247,                0.96545,                0.98106,                0.74792,                0.91877,                 0.4116,                0.25321,              0.0075745,              0.0075745,              0.0075745
                     52,                0.83139,                0.42047,                  0.255,                0.97631,                0.96649,                 0.9863,                0.75002,                0.92122,                0.39963,                0.25298,               0.007525,               0.007525,               0.007525
                     53,                0.84513,                0.42347,                0.25565,                0.96239,                 0.9645,                0.98357,                0.74853,                 0.9138,                0.40815,                0.25157,              0.0074755,              0.0074755,              0.0074755
                     54,                0.84682,                0.42793,                0.25562,                0.98463,                0.95079,                0.98571,                0.74569,                0.91788,                0.40923,                0.25371,               0.007426,               0.007426,               0.007426
                     55,                0.83445,                0.41849,                0.25406,                0.97378,                 0.9724,                0.98635,                0.75204,                0.90577,                0.39683,                0.24967,              0.0073765,              0.0073765,              0.0073765
                     56,                0.83542,                0.41665,                0.25676,                0.98127,                0.95288,                0.98258,                0.74972,                0.92695,                0.40817,                0.25246,               0.007327,               0.007327,               0.007327
                     57,                 0.8371,                0.41629,                0.25606,                0.97468,                0.96725,                0.98198,                0.75291,                0.90858,                0.40354,                0.24924,              0.0072775,              0.0072775,              0.0072775
                     58,                0.82822,                0.42092,                0.25163,                0.97453,                0.97277,                0.98447,                0.74983,                0.91784,                0.40024,                0.25049,               0.007228,               0.007228,               0.007228
                     59,                 0.8222,                0.41081,                0.25177,                0.97016,                0.96754,                0.98212,                0.75076,                0.91805,                0.39381,                0.25301,              0.0071785,              0.0071785,              0.0071785
                     60,                0.83233,                 0.4181,                0.25338,                0.97762,                0.96545,                0.98675,                0.74944,                0.92055,                0.40459,                0.25135,               0.007129,               0.007129,               0.007129
                     61,                0.83023,                0.41432,                0.25359,                  0.974,                0.96335,                0.98207,                0.75304,                0.90875,                0.41236,                0.24873,              0.0070795,              0.0070795,              0.0070795
                     62,                0.83611,                0.41888,                0.25259,                0.97612,                 0.9623,                0.98211,                0.75147,                0.91095,                0.40547,                0.24835,                0.00703,                0.00703,                0.00703
                     63,                0.83569,                  0.412,                0.25183,                0.96848,                0.96963,                0.98647,                0.74961,                0.91075,                0.39705,                0.25147,              0.0069805,              0.0069805,              0.0069805
                     64,                0.81759,                0.41268,                 0.2514,                0.97883,                0.96845,                0.98556,                 0.7588,                0.89468,                0.39486,                0.24719,               0.006931,               0.006931,               0.006931
                     65,                0.81671,                0.41342,                0.25421,                0.97233,                0.95653,                0.98212,                0.75428,                0.90433,                0.39699,                0.24875,              0.0068815,              0.0068815,              0.0068815
                     66,                0.82326,                0.41114,                0.25128,                0.98706,                0.95861,                  0.984,                0.75034,                0.91005,                0.39572,                0.25182,               0.006832,               0.006832,               0.006832
                     67,                0.81348,                0.40254,                0.25289,                0.97802,                0.97277,                0.98656,                0.75119,                0.92071,                0.40108,                0.25023,              0.0067825,              0.0067825,              0.0067825
                     68,                0.82229,                0.40849,                0.25238,                0.97913,                0.96859,                0.98601,                0.75603,                0.90008,                0.39028,                 0.2491,               0.006733,               0.006733,               0.006733
                     69,                0.80495,                0.39585,                 0.2496,                0.97575,                  0.969,                0.98691,                0.75343,                0.90651,                0.38798,                0.24952,              0.0066835,              0.0066835,              0.0066835
                     70,                0.81874,                0.41069,                0.25082,                0.96552,                0.96755,                 0.9836,                0.75293,                0.90432,                0.39318,                0.24932,               0.006634,               0.006634,               0.006634
                     71,                0.79942,                0.39667,                0.24748,                 0.9748,                0.97203,                 0.9855,                0.75427,                0.90593,                0.38442,                0.24933,              0.0065845,              0.0065845,              0.0065845
                     72,                0.80109,                0.39818,                0.24918,                 0.9736,                0.96554,                 0.9848,                0.75071,                0.90828,                0.38685,                0.24832,               0.006535,               0.006535,               0.006535
                     73,                0.79602,                0.39793,                0.25155,                 0.9767,                 0.9657,                0.98702,                0.74902,                0.91801,                0.38813,                0.25145,              0.0064855,              0.0064855,              0.0064855
                     74,                0.79444,                0.39275,                  0.249,                0.98206,                0.97432,                  0.989,                0.75868,                0.89806,                0.38594,                0.24781,               0.006436,               0.006436,               0.006436
                     75,                0.78867,                 0.3878,                0.24797,                0.97705,                0.97173,                0.98624,                0.75534,                0.89345,                0.38374,                0.24726,              0.0063865,              0.0063865,              0.0063865
                     76,                0.79365,                0.39835,                0.24926,                0.97073,                0.96545,                0.98409,                0.75406,                0.90615,                0.38645,                0.25012,               0.006337,               0.006337,               0.006337
                     77,                0.80433,                0.39983,                0.24898,                0.96525,                0.96754,                0.98245,                0.75341,                0.90843,                0.38907,                0.24894,              0.0062875,              0.0062875,              0.0062875
                     78,                0.79997,                0.39381,                0.24805,                0.97435,                0.96963,                0.98377,                0.75139,                0.89598,                0.39117,                 0.2492,               0.006238,               0.006238,               0.006238
                     79,                0.79641,                0.39597,                0.24834,                 0.9788,                0.96679,                0.98512,                0.75476,                0.90939,                0.38578,                 0.2496,              0.0061885,              0.0061885,              0.0061885
                     80,                0.78212,                0.38849,                0.24852,                0.97886,                0.96754,                0.98586,                0.76022,                0.88459,                0.38525,                0.24535,               0.006139,               0.006139,               0.006139
                     81,                0.79334,                0.39234,                0.24659,                0.97041,                0.96126,                0.98271,                0.75521,                0.89599,                0.38142,                 0.2468,              0.0060895,              0.0060895,              0.0060895
                     82,                 0.7917,                0.39302,                0.24818,                0.97924,                0.96859,                0.98684,                0.75966,                0.90066,                0.38032,                0.24819,                0.00604,                0.00604,                0.00604
                     83,                0.79278,                0.38908,                0.24861,                0.97549,                0.96545,                0.98403,                0.75981,                0.89038,                0.37701,                0.24683,              0.0059905,              0.0059905,              0.0059905
                     84,                0.78217,                0.38597,                 0.2493,                0.97787,                0.96545,                0.98646,                0.76023,                0.88409,                0.37775,                0.24544,               0.005941,               0.005941,               0.005941
                     85,                0.78592,                0.38655,                0.24532,                0.97882,                0.96796,                0.98417,                0.75949,                0.88615,                0.37877,                0.24636,              0.0058915,              0.0058915,              0.0058915
                     86,                0.77517,                0.38315,                0.24507,                0.98503,                0.97277,                0.98843,                0.75669,                0.90135,                0.37959,                0.24956,               0.005842,               0.005842,               0.005842
                     87,                0.79466,                0.39118,                0.24817,                 0.9758,                0.97127,                0.98758,                 0.7623,                0.88803,                0.37643,                0.24686,              0.0057925,              0.0057925,              0.0057925
                     88,                0.78102,                0.39017,                0.24885,                0.98105,                0.97578,                0.98705,                0.76123,                0.89175,                0.37524,                0.24552,               0.005743,               0.005743,               0.005743
                     89,                0.77642,                0.38263,                0.24621,                0.95956,                0.97173,                 0.9859,                0.76095,                0.88467,                0.37502,                0.24678,              0.0056935,              0.0056935,              0.0056935
                     90,                0.76573,                0.38079,                0.24609,                0.97439,                 0.9644,                0.98524,                0.75842,                0.89584,                0.37677,                0.24602,               0.005644,               0.005644,               0.005644
                     91,                0.77733,                0.38271,                0.24823,                0.97829,                0.96859,                 0.9858,                0.76488,                0.88402,                  0.374,                0.24865,              0.0055945,              0.0055945,              0.0055945
                     92,                0.77789,                0.38223,                0.24378,                0.98214,                0.97696,                0.99042,                0.76667,                0.87987,                0.36775,                0.24455,               0.005545,               0.005545,               0.005545
                     93,                0.74819,                0.37105,                0.24308,                0.97478,                0.97153,                0.98795,                0.76788,                0.87639,                0.37204,                0.24603,              0.0054955,              0.0054955,              0.0054955
                     94,                0.77422,                0.37962,                0.24394,                0.98439,                0.96649,                0.98885,                0.76263,                0.88551,                0.37289,                 0.2434,               0.005446,               0.005446,               0.005446
                     95,                0.76431,                0.37411,                0.24556,                0.98086,                0.96606,                0.98403,                 0.7655,                0.87141,                0.37117,                0.24535,              0.0053965,              0.0053965,              0.0053965
                     96,                0.75794,                0.37297,                0.24335,                0.98084,                0.96963,                0.98665,                0.76221,                0.87711,                0.36888,                 0.2473,               0.005347,               0.005347,               0.005347
                     97,                0.76821,                0.37952,                0.24681,                0.96694,                 0.9801,                0.98769,                0.75925,                0.87918,                0.36835,                0.24511,              0.0052975,              0.0052975,              0.0052975
                     98,                0.76206,                0.37089,                 0.2437,                0.98791,                0.97382,                0.98806,                0.76299,                0.87598,                0.36501,                 0.2445,               0.005248,               0.005248,               0.005248
                     99,                0.74601,                0.37322,                0.24191,                0.98608,                0.96454,                 0.9861,                0.76255,                0.87443,                0.36642,                0.24323,              0.0051985,              0.0051985,              0.0051985
                    100,                0.75201,                0.37054,                 0.2428,                0.97982,                0.96754,                0.98459,                0.76793,                0.86629,                0.36836,                0.24252,               0.005149,               0.005149,               0.005149
                    101,                0.76331,                0.37446,                 0.2425,                0.97052,                0.96533,                0.98326,                 0.7629,                0.88286,                0.36727,                0.24678,              0.0050995,              0.0050995,              0.0050995
                    102,                0.74806,                 0.3642,                0.24219,                 0.9848,                0.96859,                0.98687,                0.76235,                0.87449,                  0.368,                0.24556,                0.00505,                0.00505,                0.00505
                    103,                0.76145,                0.37838,                0.24391,                 0.9759,                0.97519,                 0.9881,                0.76501,                0.87853,                0.36437,                0.24276,              0.0050005,              0.0050005,              0.0050005
                    104,                0.75392,                0.35886,                0.24173,                0.97855,                0.96859,                0.98622,                0.76469,                0.87642,                0.36427,                0.24173,               0.004951,               0.004951,               0.004951
                    105,                0.73939,                0.36263,                0.24241,                0.98741,                0.96754,                0.98805,                0.76907,                0.87192,                0.36528,                0.24321,              0.0049015,              0.0049015,              0.0049015
                    106,                0.74357,                0.36058,                  0.243,                0.98164,                0.97068,                0.98861,                0.76084,                0.88543,                0.36486,                0.24259,               0.004852,               0.004852,               0.004852
                    107,                0.75378,                0.36657,                0.24167,                0.98438,                0.96963,                0.98805,                0.76391,                0.87657,                0.36155,                0.24341,              0.0048025,              0.0048025,              0.0048025
                    108,                0.74262,                0.35619,                0.24286,                0.97764,                0.96649,                0.98244,                0.76391,                0.86801,                0.36104,                0.24388,               0.004753,               0.004753,               0.004753
                    109,                0.74786,                0.36276,                 0.2412,                0.97999,                0.97435,                 0.9871,                0.76627,                0.86948,                0.36025,                0.24327,              0.0047035,              0.0047035,              0.0047035
                    110,                0.73694,                0.36023,                0.24119,                 0.9779,                0.97305,                0.98604,                0.76554,                 0.8735,                 0.3578,                0.24498,               0.004654,               0.004654,               0.004654
                    111,                0.72686,                 0.3524,                0.24019,                 0.9769,                0.97411,                0.98736,                0.76349,                0.87873,                0.35894,                0.24651,              0.0046045,              0.0046045,              0.0046045
                    112,                0.74148,                0.35411,                  0.243,                0.97555,                0.97696,                0.98778,                0.76678,                0.87549,                0.35431,                0.24448,               0.004555,               0.004555,               0.004555
                    113,                0.72329,                0.35601,                0.23981,                0.97168,                0.97382,                0.98497,                0.76944,                0.86713,                 0.3583,                0.24189,              0.0045055,              0.0045055,              0.0045055
                    114,                0.71872,                0.35395,                0.23985,                0.97763,                0.97487,                0.98686,                0.76692,                0.86899,                0.35303,                0.24148,               0.004456,               0.004456,               0.004456
                    115,                0.73433,                0.35941,                0.24016,                0.98118,                0.97173,                0.98855,                0.76808,                 0.8711,                0.35599,                0.24439,              0.0044065,              0.0044065,              0.0044065
                    116,                0.73309,                0.36037,                0.24118,                0.97697,                0.97743,                0.98833,                0.76654,                 0.8746,                 0.3585,                0.24358,               0.004357,               0.004357,               0.004357
                    117,                  0.724,                0.35221,                0.23923,                0.97601,                0.97967,                0.98884,                0.76873,                 0.8645,                0.35309,                0.24347,              0.0043075,              0.0043075,              0.0043075
                    118,                0.72137,                 0.3508,                0.24031,                0.98206,                0.97452,                0.98712,                0.76899,                0.87032,                0.35805,                0.24428,               0.004258,               0.004258,               0.004258
                    119,                0.73667,                0.35516,                 0.2405,                  0.984,                0.96618,                0.98741,                0.76717,                0.87707,                0.35725,                0.24363,              0.0042085,              0.0042085,              0.0042085
                    120,                0.72557,                0.35156,                   0.24,                0.97183,                0.97533,                0.98554,                0.76734,                0.86852,                0.35211,                0.24408,               0.004159,               0.004159,               0.004159
                    121,                 0.7276,                 0.3473,                 0.2402,                0.97788,                0.97228,                0.98792,                0.77042,                0.86994,                 0.3526,                0.24448,              0.0041095,              0.0041095,              0.0041095
                    122,                0.71358,                0.35076,                0.23739,                  0.976,                0.97277,                0.98618,                0.76853,                0.86945,                 0.3579,                0.24279,                0.00406,                0.00406,                0.00406
                    123,                0.71961,                0.34812,                0.23852,                 0.9769,                0.97438,                0.98918,                0.76684,                0.87689,                0.35435,                0.24565,              0.0040105,              0.0040105,              0.0040105
                    124,                0.71777,                0.34827,                 0.2384,                0.96386,                0.97734,                0.98652,                0.76566,                 0.8695,                0.35378,                0.24453,               0.003961,               0.003961,               0.003961
                    125,                  0.725,                0.34872,                0.23973,                0.97496,                0.97858,                0.98768,                0.76741,                0.86557,                0.35408,                0.24298,              0.0039115,              0.0039115,              0.0039115
                    126,                0.71092,                 0.3459,                0.23914,                0.97801,                0.97487,                0.98755,                 0.7655,                0.87388,                0.34903,                 0.2451,               0.003862,               0.003862,               0.003862
                    127,                 0.7182,                0.34963,                0.23869,                0.97931,                0.97801,                0.98802,                0.76927,                0.86454,                0.34994,                0.24457,              0.0038125,              0.0038125,              0.0038125
                    128,                0.70864,                0.34298,                 0.2398,                 0.9779,                0.97304,                0.98571,                0.76978,                0.86227,                0.35202,                0.24282,               0.003763,               0.003763,               0.003763
                    129,                0.70578,                0.34563,                0.23747,                0.97861,                0.96963,                 0.9875,                0.76633,                0.86406,                0.34974,                0.24363,              0.0037135,              0.0037135,              0.0037135
                    130,                0.71522,                0.34834,                0.23797,                0.97788,                0.97173,                0.98565,                0.76425,                0.87379,                0.35572,                 0.2462,               0.003664,               0.003664,               0.003664
                    131,                0.72083,                0.34719,                0.23738,                0.98104,                0.97508,                0.98886,                0.76737,                  0.875,                0.35548,                0.24608,              0.0036145,              0.0036145,              0.0036145
                    132,                0.70242,                0.34147,                0.23654,                 0.9807,                0.97277,                0.98796,                0.76909,                0.86504,                0.35138,                0.24257,               0.003565,               0.003565,               0.003565
                    133,                0.70478,                0.33816,                0.23577,                0.97686,                0.97235,                 0.9864,                0.76923,                0.85957,                0.35344,                0.23972,              0.0035155,              0.0035155,              0.0035155
                    134,                0.69512,                 0.3339,                0.23419,                0.97515,                0.97068,                0.98498,                0.76496,                0.86813,                0.35494,                0.24077,               0.003466,               0.003466,               0.003466
                    135,                0.70177,                0.33589,                0.23621,                0.97385,                0.97592,                0.98719,                0.77058,                0.85918,                0.34556,                0.23968,              0.0034165,              0.0034165,              0.0034165
                    136,                0.70009,                0.33714,                0.23554,                 0.9799,                0.96991,                0.98868,                0.76639,                 0.8632,                 0.3502,                0.24007,               0.003367,               0.003367,               0.003367
                    137,                0.71541,                0.34655,                0.23666,                0.98142,                0.97068,                0.98675,                0.76914,                0.86109,                0.34877,                0.24136,              0.0033175,              0.0033175,              0.0033175
                    138,                0.67842,                0.32845,                0.23586,                0.97652,                0.97173,                0.98622,                0.76564,                0.86732,                0.34887,                0.24271,               0.003268,               0.003268,               0.003268
                    139,                0.69873,                0.34045,                0.23597,                0.98199,                0.97046,                0.98655,                0.76523,                0.86301,                0.34901,                0.24328,              0.0032185,              0.0032185,              0.0032185
                    140,                0.69009,                0.32987,                0.23386,                0.98451,                0.97068,                0.98669,                0.76627,                 0.8628,                0.34712,                0.24241,               0.003169,               0.003169,               0.003169
                    141,                0.69882,                0.33247,                0.23553,                0.97476,                0.97487,                0.98766,                0.76929,                0.86558,                0.34534,                0.24266,              0.0031195,              0.0031195,              0.0031195
                    142,                0.69199,                0.33509,                0.23541,                0.97477,                 0.9711,                0.98444,                0.77088,                0.85814,                0.34481,                0.24046,                0.00307,                0.00307,                0.00307
                    143,                0.70111,                0.33359,                0.23742,                0.98307,                0.97255,                0.98835,                0.77157,                0.85214,                0.34573,                0.24012,              0.0030205,              0.0030205,              0.0030205
                    144,                0.69783,                0.33852,                0.23522,                0.98334,                0.97382,                0.98725,                 0.7715,                0.85671,                0.34624,                0.24099,               0.002971,               0.002971,               0.002971
                    145,                0.67575,                0.32789,                0.23527,                0.98102,                0.97432,                 0.9882,                0.77345,                0.85661,                0.34533,                 0.2418,              0.0029215,              0.0029215,              0.0029215
                    146,                0.69181,                0.33312,                0.23395,                0.97878,                0.97277,                0.98633,                0.77474,                0.85151,                0.34071,                0.24075,               0.002872,               0.002872,               0.002872
                    147,                0.68097,                0.32953,                0.23422,                0.98085,                0.97592,                0.98808,                0.77135,                0.85911,                0.34036,                0.24096,              0.0028225,              0.0028225,              0.0028225
                    148,                0.68254,                0.32638,                0.23496,                0.98375,                0.96963,                 0.9885,                0.77207,                 0.8578,                0.33673,                0.24114,               0.002773,               0.002773,               0.002773
                    149,                0.66491,                0.31989,                  0.233,                  0.982,                0.97136,                 0.9885,                0.77324,                0.85222,                0.33868,                 0.2398,              0.0027235,              0.0027235,              0.0027235
                    150,                0.68018,                 0.3244,                0.23404,                0.97786,                0.97116,                0.98533,                0.77185,                0.84812,                0.34003,                0.23958,               0.002674,               0.002674,               0.002674
                    151,                0.67969,                0.32842,                0.23544,                0.97585,                0.97173,                0.98487,                0.77374,                0.84939,                0.33924,                0.23963,              0.0026245,              0.0026245,              0.0026245
                    152,                 0.6746,                0.32686,                0.23355,                0.98194,                0.97696,                0.98793,                0.77418,                0.84584,                  0.336,                0.23901,               0.002575,               0.002575,               0.002575
                    153,                0.66387,                0.31765,                 0.2348,                0.97589,                0.97501,                0.98763,                0.77365,                0.84604,                0.33629,                0.23916,              0.0025255,              0.0025255,              0.0025255
                    154,                0.65567,                0.31217,                0.23244,                0.98297,                0.96699,                 0.9866,                0.77336,                0.84733,                0.33591,                0.24027,               0.002476,               0.002476,               0.002476
                    155,                0.66696,                0.31928,                0.23317,                0.97892,                0.97274,                0.98666,                0.77408,                0.84812,                0.33626,                0.24121,              0.0024265,              0.0024265,              0.0024265
                    156,                0.67793,                0.32271,                0.23262,                0.97868,                0.97592,                0.98749,                0.77284,                0.84701,                0.33779,                0.24046,               0.002377,               0.002377,               0.002377
                    157,                 0.6642,                0.31892,                0.23185,                0.97654,                0.97382,                0.98845,                0.77334,                 0.8469,                0.34119,                0.23945,              0.0023275,              0.0023275,              0.0023275
                    158,                0.66043,                0.31728,                 0.2316,                0.97782,                0.96954,                0.98619,                0.77433,                0.84787,                0.33895,                 0.2399,               0.002278,               0.002278,               0.002278
                    159,                0.65486,                0.31586,                0.23213,                0.98405,                0.96907,                0.98785,                 0.7752,                0.84976,                0.34079,                0.23999,              0.0022285,              0.0022285,              0.0022285
                    160,                0.66653,                0.31895,                0.23342,                0.97992,                0.97111,                0.98753,                  0.772,                0.84973,                0.34305,                 0.2399,               0.002179,               0.002179,               0.002179
                    161,                0.65785,                0.31488,                0.23173,                0.97894,                0.97356,                 0.9882,                0.77172,                0.84636,                0.34212,                0.23999,              0.0021295,              0.0021295,              0.0021295
                    162,                0.65605,                0.31655,                0.23109,                0.97727,                0.97277,                0.98761,                0.77173,                0.84757,                0.34304,                0.24045,                0.00208,                0.00208,                0.00208
                    163,                0.64762,                0.31254,                0.23214,                0.97788,                0.97202,                0.98819,                0.77261,                0.84907,                0.34072,                0.24075,              0.0020305,              0.0020305,              0.0020305
                    164,                0.66613,                0.31868,                0.23204,                0.97604,                0.97592,                 0.9877,                0.77375,                0.84424,                0.33989,                0.24002,               0.001981,               0.001981,               0.001981
                    165,                0.64815,                0.31251,                0.23003,                0.97702,                0.97935,                0.98871,                0.77577,                0.84513,                0.33807,                0.24014,              0.0019315,              0.0019315,              0.0019315
                    166,                0.65654,                0.31863,                0.23162,                0.98011,                0.98044,                0.98949,                0.77548,                0.84874,                0.33444,                0.24059,               0.001882,               0.001882,               0.001882
                    167,                0.64376,                0.30898,                0.23114,                0.98013,                0.98121,                0.98996,                0.77353,                0.85054,                0.33634,                0.24128,              0.0018325,              0.0018325,              0.0018325
                    168,                0.64682,                0.31015,                0.23301,                0.98004,                0.97689,                0.98913,                0.77244,                0.84931,                0.33852,                0.24144,               0.001783,               0.001783,               0.001783
                    169,                0.66096,                0.31551,                0.23382,                0.98408,                0.97119,                0.98881,                0.77121,                0.85225,                0.33463,                0.24125,              0.0017335,              0.0017335,              0.0017335
                    170,                0.63775,                0.30685,                   0.23,                0.97597,                0.97809,                0.98792,                0.77284,                0.85123,                0.33594,                0.24109,               0.001684,               0.001684,               0.001684
                    171,                0.63969,                0.30666,                0.22915,                0.97782,                0.97801,                0.98776,                0.77433,                 0.8481,                0.33403,                0.24027,              0.0016345,              0.0016345,              0.0016345
                    172,                0.65205,                0.30998,                0.23165,                0.97726,                0.97696,                0.98707,                0.77366,                0.84729,                0.33562,                0.24016,               0.001585,               0.001585,               0.001585
                    173,                0.64771,                 0.3086,                 0.2301,                0.98233,                0.97382,                0.98853,                0.77411,                0.84649,                0.33358,                0.24022,              0.0015355,              0.0015355,              0.0015355
                    174,                0.64703,                0.30724,                0.23127,                0.98313,                0.97654,                0.98858,                0.77423,                0.84677,                0.33514,                0.24059,               0.001486,               0.001486,               0.001486
                    175,                 0.6396,                0.30656,                0.23226,                0.98565,                0.97487,                0.98877,                0.77249,                0.84826,                0.33674,                0.24069,              0.0014365,              0.0014365,              0.0014365
                    176,                0.63341,                0.30368,                0.22935,                0.98474,                0.97592,                0.98876,                0.77518,                0.84561,                0.33579,                0.24065,               0.001387,               0.001387,               0.001387
                    177,                0.64364,                0.30644,                0.23084,                0.97929,                0.97696,                0.98775,                0.77389,                0.84725,                0.33482,                0.24082,              0.0013375,              0.0013375,              0.0013375
                    178,                0.63185,                0.30155,                0.22893,                  0.981,                0.97319,                0.98704,                0.77268,                0.84847,                0.33526,                0.24109,               0.001288,               0.001288,               0.001288
                    179,                0.63272,                0.30107,                0.22921,                0.97999,                0.97461,                0.98639,                0.77226,                0.85006,                0.33618,                0.24087,              0.0012385,              0.0012385,              0.0012385
                    180,                0.63213,                0.30111,                0.22896,                0.98108,                0.97741,                0.98777,                0.77124,                0.84933,                0.33632,                0.24074,               0.001189,               0.001189,               0.001189
                    181,                0.62799,                0.30176,                0.22993,                 0.9833,                0.97382,                0.98688,                0.77238,                0.84888,                0.33549,                 0.2409,              0.0011395,              0.0011395,              0.0011395
                    182,                0.61829,                 0.2963,                0.22951,                0.98414,                0.97487,                 0.9876,                0.77269,                0.84721,                 0.3346,                0.24059,                0.00109,                0.00109,                0.00109
                    183,                0.63512,                0.29898,                0.22838,                0.98407,                0.97382,                0.98639,                0.77532,                0.84417,                0.33348,                0.24005,              0.0010405,              0.0010405,              0.0010405
                    184,                 0.6221,                0.29638,                0.22918,                0.98229,                0.97173,                 0.9869,                0.77512,                 0.8432,                0.33601,                 0.2396,               0.000991,               0.000991,               0.000991
                    185,                0.61609,                0.29267,                0.22714,                0.97791,                0.97324,                  0.986,                0.77506,                0.84407,                0.33545,                0.23935,              0.0009415,              0.0009415,              0.0009415
                    186,                0.61599,                0.29276,                0.22881,                0.97885,                0.97487,                0.98738,                0.77514,                0.84756,                0.33435,                0.24003,               0.000892,               0.000892,               0.000892
                    187,                0.61978,                0.29284,                0.22778,                0.97782,                0.97487,                0.98738,                0.77372,                0.84571,                0.33397,                0.23995,              0.0008425,              0.0008425,              0.0008425
                    188,                0.62339,                0.29282,                0.22854,                0.97796,                0.97581,                0.98735,                0.77477,                0.84502,                0.33367,                0.23962,               0.000793,               0.000793,               0.000793
                    189,                0.62179,                0.29437,                0.22779,                0.97592,                0.97604,                 0.9875,                0.77618,                0.84545,                0.33278,                0.23991,              0.0007435,              0.0007435,              0.0007435
                    190,                0.61666,                0.28921,                0.22684,                0.97695,                0.97639,                0.98758,                0.77516,                0.84663,                0.33269,                0.23998,               0.000694,               0.000694,               0.000694
                    191,                0.62807,                0.27552,                0.21441,                0.98024,                0.97173,                0.98775,                0.77323,                0.84781,                0.33311,                0.24061,              0.0006445,              0.0006445,              0.0006445
                    192,                 0.6082,                0.26706,                0.21386,                0.98565,                0.97173,                0.98668,                0.77426,                0.84783,                0.33353,                0.24073,               0.000595,               0.000595,               0.000595
                    193,                0.61359,                0.27117,                0.21514,                0.98513,                0.97145,                0.98742,                0.77309,                 0.8473,                 0.3349,                0.24137,              0.0005455,              0.0005455,              0.0005455
                    194,                0.60071,                0.26765,                0.21505,                0.98479,                0.97068,                0.98745,                0.77445,                 0.8483,                0.33549,                0.24139,               0.000496,               0.000496,               0.000496
                    195,                0.59687,                0.26268,                0.21478,                0.98456,                0.97068,                0.98747,                0.77382,                0.84775,                0.33651,                0.24143,              0.0004465,              0.0004465,              0.0004465
                    196,                0.59369,                0.26236,                0.21475,                0.98409,                0.97068,                0.98693,                0.77354,                 0.8479,                0.33648,                0.24138,               0.000397,               0.000397,               0.000397
                    197,                0.59763,                 0.2631,                0.21351,                0.98512,                0.97074,                0.98697,                0.77352,                0.84754,                0.33592,                0.24133,              0.0003475,              0.0003475,              0.0003475
                    198,                0.59127,                0.26381,                0.21204,                0.98511,                0.97009,                0.98637,                0.77484,                 0.8468,                 0.3353,                 0.2413,               0.000298,               0.000298,               0.000298
                    199,                0.59147,                0.26313,                0.21335,                0.98512,                0.97049,                0.98629,                0.77529,                0.84731,                0.33527,                 0.2414,              0.0002485,              0.0002485,              0.0002485
                    200,                0.59384,                 0.2616,                0.21128,                0.98618,                0.97159,                 0.9869,                 0.7755,                0.84775,                 0.3357,                0.24162,               0.000199,               0.000199,               0.000199
